cityID,diversity_index,pop_category,median_income,political_scale,state_pop,hg_local_per,hg_state_per,region_scale,jewish_infrastructure,community_interaction,community_type,color,lat,lon
ca-burlingame,0.612841,3,128447,-4.008596611824331,39512223,0,3.7962936178002436e-7,4.9,5.236860742386735,1.2,Wealthy Enclaves,#CC79A7,-122.334825,37.381144
ga-cairo,0.649298,2,33418,2.1795288741204457,10617423,0,5.651088781147741e-7,3.5,0.01,6.3,Small Town Democrats,#990000,-84.21343,30.87039
fl-fort lauderdale,0.640826,5,59450,-2.1175296207606498,21477737,1.096268848972522e-5,7.449574412797773e-7,3.5,9.15111261441325,1.2,Diverse Small Cities,#006298,-80.448254,26.145724
nj-hanover,0.406999,3,126658,2.5960011149707425,8882190,0,1.2384333143064942e-6,1.2,61.30773651027461,1.2,White Republicans,#A36B00,-74.4465852,40.8177597
fl-daytona beach,0.596577,4,35893,-3.550275949028884,21477737,0,7.449574412797773e-7,3.5,26.628288812831254,2.2,Centers of Socioeconomic Inequality,#009E73,-81.03602,29.204009
wi-madison,0.435082,6,65332,-3.8856079414506945,5822434,0,1.202246345772232e-6,2.3,9.21890095950321,2.2,Centers of Socioeconomic Inequality,#009E73,-89.423861,43.06956
fl-maitland,0.55159,3,75944,-3.3675933053757374,21477737,0,7.449574412797773e-7,3.5,13.689253935660506,1.2,Diverse Small Cities,#006298,-81.260818,28.566338
ma-marblehead,0.158314,3,123333,-2.224935078050274,6892503,0,8.705110465675532e-7,1.1,25.93095702458015,1.2,White Suburbs,#243142,-70.86323,42.497146
ma-natick,0.353017,3,115545,-2.8416686637513124,6892503,0,8.705110465675532e-7,1.1,109.50855693330213,1.2,Suburban Jewish Centers,#E69F00,-71.378157,42.273817
fl-orlando,0.696757,6,51757,-3.3675933053757374,21477737,1.7394813562388237e-5,7.449574412797773e-7,3.5,13.689253935660506,1.2,Big Cities,#D55E00,-81.260818,28.566338
fl-palm beach gardens,0.134908,2,87969,-1.7218406484358004,21477737,0,7.449574412797773e-7,3.5,157.49279412843444,1.2,Suburban Jewish Centers,#E69F00,-80.1984047,26.8393536
fl-ponte vedra beach,0.206131,3,116399,2.535793759468145,21477737,0,7.449574412797773e-7,3.5,16.12516272648971,1.2,White Republicans,#A36B00,-81.420603,29.937673
pa-reading,0.460026,4,32176,4.397303471784489,12801989,0,9.373543439226514e-7,1.2,1.0472400464593765,2.2,Mid-Sized City Republicans,#63B1D3,-75.984901,40.407173
ga-alpharetta,0.613315,4,113802,-4.141652520587648,10617423,0,5.651088781147741e-7,3.5,76.3631377164765,1.2,Diverse Small Cities,#006298,-84.30292,34.119177
vt-burlington,0.304459,3,51394,-5.840440182948528,623989,0,3.20518470678169e-6,1.1,9.722188464623386,3.1,White Suburbs,#243142,-73.22126,44.484038
fl-kendall,0.472024,4,73612,-2.563949996096139,21477737,0,7.449574412797773e-7,3.5,38.546759990020206,1.2,Diverse Small Cities,#006298,-80.3820899,25.6718497
nj-new brunswick,0.656273,4,43783,-3.9434744009864566,8882190,0,1.2384333143064942e-6,1.2,62.674388472733625,1.1,Diverse Small Cities,#006298,-74.417344,40.430006
ma-newton,0.429551,4,151068,-2.8416686637513124,6892503,0,8.705110465675532e-7,1.1,109.50855693330213,1.2,Suburban Jewish Centers,#E69F00,-71.459405,42.446396
oh-north canton,0.199673,3,62128,-3.884730938622244,11689100,0,6.843982855822946e-7,2.3,2.6912539628714605,2.2,White Suburbs,#243142,-81.4103785,40.8770211
fl-boca raton,0.393034,4,83114,-1.7218406484358004,21477737,1.0019538099293622e-5,7.449574412797773e-7,3.5,173.24207354127788,1.2,Diverse Suburban Jewish Centers,#004421,-80.430269,26.645895
mo-st. louis,0.590257,6,43896,-3.0113171580151263,6137428,1.6634727988927926e-5,1.1405429114606314e-6,2.4,49.83223748551826,1.1,Big Cities,#D55E00,-90.427118,38.638318
fl-west palm beach,0.681475,5,54334,-1.7218406484358004,21477737,1.7864320485909516e-5,7.449574412797773e-7,3.5,157.49279412843444,1.2,Big Cities,#D55E00,-80.06043,26.711192
pa-wynnewood,0.37684,3,86861,-2.963978874807374,12801989,0,9.373543439226514e-7,1.2,78.62621952102572,1.2,Suburban Jewish Centers,#E69F00,-75.27624,39.992345
ma-arlington,0.396,3,108389,-2.8416686637513124,6892503,0,8.705110465675532e-7,1.1,109.50855693330213,1.2,Suburban Jewish Centers,#E69F00,-71.167083,42.417695
ma-boston,0.687331,7,71115,-2.6306038566775407,6892503,1.4438348252959862e-6,8.705110465675532e-7,1.1,147.1659407471273,1.1,Big Cities,#D55E00,-71.459405,42.446396
ca-danville,0.395231,3,160808,-3.6216505424670737,39512223,0,3.7962936178002436e-7,4.9,2.7907825928196033,1.2,Wealthy Enclaves,#CC79A7,-121.91202,37.804064
ma-framingham,0.541498,4,82709,-2.8416686637513124,6892503,1.3437970328961514e-5,8.705110465675532e-7,1.1,109.50855693330213,1.2,Diverse Suburban Jewish Centers,#004421,-71.459405,42.446396
nj-glassboro,0.519747,3,74222,-4.423377207814934,8882190,0,1.2384333143064942e-6,1.2,2.81392412013397,1.2,Diverse Small Cities,#006298,-75.11951,39.700008
tx-houston,0.682943,8,52338,-3.5432903513135248,28995881,5.17181635914472e-6,3.10388913514992e-7,3.7,10.226409078922975,1.1,Big Cities,#D55E00,-95.304936,29.711257
ga-johns creek,0.634076,4,122514,-4.141652520587648,10617423,0,5.651088781147741e-7,3.5,76.3631377164765,1.2,Diverse Small Cities,#006298,-84.3320295,34.0378036
fl-jupiter,0.356657,4,86027,-1.7218406484358004,21477737,0,7.449574412797773e-7,3.5,157.49279412843444,1.2,Diverse Suburban Jewish Centers,#004421,-80.430269,26.645895
fl-kissimmee,0.480896,4,40826,-5.334414890996666,21477737,1.3751942461872739e-5,7.449574412797773e-7,3.5,2.228321421777766,1.2,Diverse Small Cities,#006298,-81.42159,28.301788
mi-l'anse creuse,0.231449,4,56796,-4.1841038217603215,9986857,0,6.007896177946675e-7,2.3,0.2857930012723504,1.2,White Suburbs,#243142,-82.9165066,42.6183972
fl-loxahatchee,0.347585,2,78875,-1.7218406484358004,21477737,0,7.449574412797773e-7,3.5,157.49279412843444,1.2,Suburban Jewish Centers,#E69F00,-80.30156,26.751094
az-maricopa,0.638278,4,74515,3.2124544985966033,7278717,0,8.243210994465096e-7,4.8,0.01,1.2,Mid-Sized City Republicans,#63B1D3,-111.97,33.01
ma-marlborough,0.448276,3,80943,-2.8416686637513124,6892503,0,8.705110465675532e-7,1.1,109.50855693330213,1.2,Suburban Jewish Centers,#E69F00,-71.54753,42.350909
ny-brooklyn,0.697671,8,60231,-5.304252901766089,19453561,2.0408971293965515e-6,5.140447036920387e-7,1.2,179.60520049712912,1.1,Big Cities,#D55E00,-73.98907,40.695286
sc-summerville,0.466345,4,59180,2.8412496217808343,5148714,3.8059715693923765e-5,9.711162826290216e-7,3.5,0.1,2.2,Mid-Sized City Republicans,#63B1D3,-80.18599,33.034586
nm-albuquerque,0.598714,7,52911,-4.033271558828409,2096829,1.7840799410539987e-6,0,4.8,11.050521510945174,2.2,Big Cities,#D55E00,-106.644831,35.199592
co-arvada,0.341093,5,84717,-3.871673525370592,5758736,0,8.68246087335832e-7,4.8,6.083762902144484,1.2,White Suburbs,#243142,-105.223945,39.522014
nj-bergenfield,0.705845,3,96335,-2.6133630828835868,8882190,0,1.2384333143064942e-6,1.2,106.7586784129682,1.2,Diverse Suburban Jewish Centers,#004421,-73.99879,40.923748
fl-bradenton,0.552918,4,46776,2.785372667196084,21477737,1.68239707935867e-5,7.449574412797773e-7,3.5,11.269959858682302,2.2,Mid-Sized City Republicans,#63B1D3,-82.47104,27.400627
fl-cutler bay,0.566609,3,75101,-2.563949996096139,21477737,0,7.449574412797773e-7,3.5,38.546759990020206,1.2,Diverse Small Cities,#006298,-80.358926,25.5756685
ny-deer park,0.222497,2,94645,-4.890732075800393,19453561,0,5.140447036920387e-7,1.2,5.9505378797955295,1.2,White Suburbs,#243142,-73.33007,40.760698
nj-east rutherford,0.643244,2,80896,-2.6133630828835868,8882190,0,1.2384333143064942e-6,1.2,106.7586784129682,1.2,Diverse Suburban Jewish Centers,#004421,-74.09707,40.830158
ny-holbrook,0.309969,3,105619,-4.890732075800393,19453561,0,5.140447036920387e-7,1.2,5.9505378797955295,1.2,White Suburbs,#243142,-73.07485,40.799706
nj-holmdel,0.44852,3,149432,3.858361379039674,8882190,0,1.2384333143064942e-6,1.2,11.265719702456249,1.2,White Republicans,#A36B00,-74.24928,40.302718
fl-jacksonville,0.622895,7,54701,2.465819615075488,21477737,8.776674232891245e-6,7.449574412797773e-7,3.5,13.681603820745732,1.2,Big Cities,#D55E00,-81.420603,29.937673
ca-lafayette,0.41976,3,178889,-3.6216505424670737,39512223,0,3.7962936178002436e-7,4.9,2.7907825928196033,1.2,Wealthy Enclaves,#CC79A7,-122.11785,37.895695
nh-manchester,0.387138,5,60711,2.2423844966134956,1359711,0,2.206351202571723e-6,1.1,13.004308279168784,2.2,Centers of Socioeconomic Inequality,#009E73,-71.653939,42.952124
ca-mountain view,0.668151,4,72222,-3.648972508355856,39512223,0,3.7962936178002436e-7,4.9,4.619187951919156,1.2,Diverse Small Cities,#006298,-121.705327,37.189396
ma-upton,0.325773,2,89507,-1.8814024337089785,6892503,0,8.705110465675532e-7,1.1,12.63782754540892,2.3,White Suburbs,#243142,-71.60971,42.17382
ca-northridge,0.699277,4,71400,-3.1561999868593285,39512223,0,3.7962936178002436e-7,4.9,5.300322061669674,1.2,Diverse Small Cities,#006298,-118.298662,33.786594
oh-university heights,0.451138,3,77256,-2.302994551194589,11689100,0,6.843982855822946e-7,2.3,55.75399744504392,1.2,White Suburbs,#243142,-81.5449453,41.4950736
fl-weston,0.584612,4,107908,-2.1175296207606498,21477737,0,7.449574412797773e-7,3.5,9.15111261441325,1.2,Diverse Small Cities,#006298,-80.37697,26.112366
mi-wixom,0.458292,3,53259,-2.9486964242803007,9986857,0,6.007896177946675e-7,2.3,53.54983040833036,1.2,White Suburbs,#243142,-83.53378,42.532251
nj-allendale,0.283809,2,170968,-2.6133630828835868,8882190,0,1.2384333143064942e-6,1.2,106.7586784129682,1.2,Suburban Jewish Centers,#E69F00,-74.13409,41.031505
tx-austin,0.636524,7,71576,-8.181311106554599,28995881,8.172371663118495e-6,3.10388913514992e-7,3.7,17.61771637558729,1.1,Big Cities,#D55E00,-97.771258,30.326374
fl-cape coral,0.429002,5,61599,2.70776017470751,21477737,0,7.449574412797773e-7,3.5,10.601502763016658,2.2,Mid-Sized City Republicans,#63B1D3,-81.95528,26.582185
il-chicago,0.712881,8,58247,-2.7708730312301517,12671821,4.083184111513985e-6,3.945762807097733e-7,2.3,67.59202261251968,1.1,Big Cities,#D55E00,-87.68732,41.811929
co-erie,0.305736,3,119555,4.33758291243509,5758736,0,8.68246087335832e-7,4.8,0.4772434418797028,2.2,White Republicans,#A36B00,-105.02767,40.051051
ma-georgetown,0.13512,2,128466,-2.224935078050274,6892503,0,8.705110465675532e-7,1.1,25.93095702458015,1.2,White Suburbs,#243142,-70.98291,42.729437
wi-glendale,0.447729,3,77584,-2.9553854307845877,5822434,0,1.202246345772232e-6,2.3,23.83460890676133,1.2,White Suburbs,#243142,-87.9662554,43.1261587
co-greenwood village,0.3371,3,129035,-4.073970280641472,5758736,0,8.68246087335832e-7,4.8,5.374569074729544,1.2,Wealthy Enclaves,#CC79A7,-104.9491503,39.6168542
nj-howell,0.36957,4,105082,3.858361379039674,8882190,0,1.2384333143064942e-6,1.2,11.265719702456249,1.2,White Republicans,#A36B00,-74.20815,40.146597
ca-long beach,0.704258,6,63017,-3.1561999868593285,39512223,2.1615639347380618e-6,3.7962936178002436e-7,4.9,5.300322061669674,1.1,Big Cities,#D55E00,-118.298662,33.786594
fl-miami,0.431148,6,39049,-2.563949996096139,21477737,8.547684325470176e-6,7.449574412797773e-7,3.5,38.546759990020206,1.1,Big Cities,#D55E00,-80.458168,25.558428
al-mobile,0.55691,5,42321,2.3681117171260047,4903185,1.05977108944468e-5,1.2236943945619022e-6,3.6,0.3262784677963152,2.2,Centers of Socioeconomic Inequality,#009E73,-88.177975,30.658865
pa-montrose,0.530262,3,41823,4.8385048479056,12801989,0,9.373543439226514e-7,1.2,0.01,6.3,Mid-Sized City Republicans,#63B1D3,-75.9179,41.830406
ny-new rochelle,0.672374,4,81311,-2.7959028813827795,19453561,0,5.140447036920387e-7,1.2,126.58999681690594,1.2,Diverse Small Cities,#006298,-73.78643,40.915845
ca-newbury park,0.515333,3,118986,-4.103693261231024,39512223,0,3.7962936178002436e-7,4.9,4.70053480334725,2.2,Wealthy Enclaves,#CC79A7,-118.93956,34.175038
nj-north brunswick,0.738912,3,96546,-3.9434744009864566,8882190,0,1.2384333143064942e-6,1.2,62.674388472733625,1.2,Diverse Small Cities,#006298,-74.48287,40.453131
mn-rosemount,0.282756,3,104743,-2.6883387823481986,5639632,0,1.0638992047708078e-6,2.4,20.943860581115736,1.2,White Suburbs,#243142,-93.13437,44.732105
tx-round rock,0.641581,5,82676,6.054785694536311,28995881,0,3.10388913514992e-7,3.7,35.29085843248594,1.2,Mid-Sized City Republicans,#63B1D3,-97.602552,30.656817
ma-winthrop,0.222115,3,74069,-2.6306038566775407,6892503,0,8.705110465675532e-7,1.1,134.90211235153336,1.2,Suburban Jewish Centers,#E69F00,-70.97803,42.373047
nj-brick,0.266411,4,78288,5.709856880826361,8882190,0,1.2384333143064942e-6,1.2,124.15835758604241,1.2,Mid-Sized City Republicans,#63B1D3,-74.123,40.042479
ma-longmeadow,0.256111,3,122035,-2.529828779176814,6892503,0,8.705110465675532e-7,1.1,7.015216642644864,2.2,White Suburbs,#243142,-72.604842,42.170731
pa-lower merion,0.346734,4,136288,-2.963978874807374,12801989,0,9.373543439226514e-7,1.2,78.62621952102572,1.2,Suburban Jewish Centers,#E69F00,-75.3128278,40.0249272
nj-ocean,0.107567,2,81076,5.709856880826361,8882190,0,1.2384333143064942e-6,1.2,124.15835758604241,1.2,White Republicans,#A36B00,-74.0560696,40.2504291
wa-olympia,0.399444,4,59878,-3.0867944829737164,7614893,0,1.4445376973780195e-6,4.9,0.19551775545616737,2.2,Centers of Socioeconomic Inequality,#009E73,-122.8819,47.014718
ma-pembroke,0.115305,3,103905,-1.9330254493880128,6892503,0,8.705110465675532e-7,1.1,1.158006067951796,1.2,White Suburbs,#243142,-70.80426,42.065554
pa-warrington,0.312839,3,106386,-1.9143545838169551,12801989,0,9.373543439226514e-7,1.2,65.90310333574766,1.2,Suburban Jewish Centers,#E69F00,-75.13458,40.240295
ma-westborough,0.500302,3,112153,-1.8814024337089785,6892503,0,8.705110465675532e-7,1.1,12.63782754540892,2.2,White Suburbs,#243142,-71.585753,42.286575
ct-woodbridge,0.41251,2,157610,-4.780969760012141,3565287,0,1.4024116431580404e-6,1.1,3.7895571465217692,2.2,Wealthy Enclaves,#CC79A7,-73.01212,41.352964
nj-lakewood,0.319401,5,50897,5.709856880826361,8882190,0,1.2384333143064942e-6,1.2,124.15835758604241,1.2,Mid-Sized City Republicans,#63B1D3,-74.2094,40.082782
ca-san marcos,0.637002,4,78797,-4.26092801528769,39512223,0,3.7962936178002436e-7,4.9,2.401772585934406,1.2,Diverse Small Cities,#006298,-116.846046,33.016928
az-goodyear,0.61061,4,83866,2.127159830919461,7278717,0,8.243210994465096e-7,4.8,2.027965749710258,1.2,Mid-Sized City Republicans,#63B1D3,-112.38482,33.430922
wi-milwaukee,0.686018,7,41838,-2.9553854307845877,5822434,1.0092548671315967e-5,1.202246345772232e-6,2.3,23.83460890676133,1.1,Big Cities,#D55E00,-87.958409,43.011264
ny-port chester,0.48295,3,74920,-2.7959028813827795,19453561,0,5.140447036920387e-7,1.2,126.58999681690594,1.2,Diverse Suburban Jewish Centers,#004421,-73.67326,41.010376
ca-san diego,0.690508,8,79673,-4.26092801528769,39512223,4.2139240693021955e-6,3.7962936178002436e-7,4.9,4.803545171868812,1.1,Big Cities,#D55E00,-116.846046,33.016928
co-boulder,0.338521,5,69520,-7.101413991461589,5758736,9.46315520520852e-6,8.68246087335832e-7,4.8,4.477456314133428,2.2,Centers of Socioeconomic Inequality,#009E73,-105.373507,40.087835
nj-collingswood,0.365571,3,73594,-3.265507354618482,8882190,0,1.2384333143064942e-6,1.2,68.23407838636265,1.2,White Suburbs,#243142,-75.06401,39.915263
nj-east brunswick,0.564482,3,115445,-3.9434744009864566,8882190,0,1.2384333143064942e-6,1.2,62.674388472733625,1.2,Suburban Jewish Centers,#E69F00,-74.40504,40.434239
ca-orinda,0.447648,3,223217,-3.6216505424670737,39512223,0,3.7962936178002436e-7,4.9,2.7907825928196033,1.2,Wealthy Enclaves,#CC79A7,-122.18296,37.878625
pa-swarthmore,0.34888,2,107778,-1.8238829911480492,12801989,0,9.373543439226514e-7,1.2,37.18452911105957,1.2,White Suburbs,#243142,-75.34658,39.897562
ga-atlanta,0.586107,7,59948,-4.141652520587648,10617423,2.5650587694426524e-5,5.651088781147741e-7,3.5,83.3052411452471,1.1,Big Cities,#D55E00,-84.47405,33.844371
ga-canton,0.579737,3,61259,4.0311392429401485,10617423,0,5.651088781147741e-7,3.5,3.5412297510515485,1.2,Mid-Sized City Republicans,#63B1D3,-84.50402,34.228478
ca-carlsbad,0.44074,5,110478,-4.26092801528769,39512223,0,3.7962936178002436e-7,4.9,2.401772585934406,1.2,Diverse Small Cities,#006298,-116.846046,33.016928
ny-east garden city,0.202144,3,104250,-3.79485100614772,19453561,0,5.140447036920387e-7,1.2,152.35842493390842,1.2,Suburban Jewish Centers,#E69F00,-73.7386296,40.7302226
ca-indio,0.487221,4,53669,-4.644308382265087,39512223,0,3.7962936178002436e-7,4.9,1.196568571845935,1.2,Diverse Small Cities,#006298,-116.055617,33.752886
mi-ann arbor,0.507671,5,65745,-3.6259178760985717,9986857,1.666944490748458e-5,6.007896177946675e-7,2.3,21.565493054563394,2.2,Centers of Socioeconomic Inequality,#009E73,-83.79147,42.280887
ca-larkspur,0.321239,3,109426,-5.598385531430342,39512223,0,3.7962936178002436e-7,4.9,10.051373687737323,1.2,White Suburbs,#243142,-122.740988,38.068036
co-littleton,0.344869,3,76015,-4.073970280641472,5758736,0,8.68246087335832e-7,4.8,5.374569074729544,1.2,White Suburbs,#243142,-105.223945,39.522014
sc-mount pleasant,0.19753,4,103232,-3.345752186599804,5148714,0,9.711162826290216e-7,3.5,14.78178391495547,2.2,White Suburbs,#243142,-79.85773,32.84885
ut-sandy,0.270259,4,94018,8.78896500122158,3205958,0,9.357577360651636e-7,4.8,3.747940584730786,1.2,White Republicans,#A36B00,-111.88821,40.581595
ma-sharon,0.422423,3,144333,-3.0638250286065354,6892503,0,8.705110465675532e-7,1.1,154.38311964479124,1.2,Suburban Jewish Centers,#E69F00,-71.17923,42.113749
ma-wellesley,0.381108,3,197132,-3.0638250286065354,6892503,0,8.705110465675532e-7,1.1,154.38311964479124,1.2,Suburban Jewish Centers,#E69F00,-71.27875,42.300596
ca-wildomar,0.61214,3,74991,-4.644308382265087,39512223,0,3.7962936178002436e-7,4.9,1.196568571845935,1.2,Diverse Small Cities,#006298,-117.2608,33.614385
nc-asheville,0.374999,4,49930,-3.903069304572405,10488084,0,1.2395018956751299e-6,3.5,5.68306812348757,2.2,Centers of Socioeconomic Inequality,#009E73,-82.597992,35.564734
nh-auburn,0.054755,2,115089,2.310083221358055,1359711,0,2.206351202571723e-6,1.1,2.37728672341967,1.3,White Republicans,#A36B00,-71.35141,43.000345
mi-bloomfield hills,0.354029,3,178894,-2.9486964242803007,9986857,0,6.007896177946675e-7,2.3,58.41799680908766,1.2,Wealthy Enclaves,#CC79A7,-83.3863,42.660091
va-burke,0.596854,3,145234,-5.470787819879497,8535519,0,1.0544174290983361e-6,3.5,37.756507457887814,1.2,Wealthy Enclaves,#CC79A7,-77.288755,38.831813
pa-center valley,0.20699,3,82775,-3.121537592842188,12801989,0,9.373543439226514e-7,1.2,19.016571583808748,2.2,White Suburbs,#243142,-75.41501,40.540398
nj-cherry hill,0.482512,4,105022,-3.265507354618482,8882190,0,1.2384333143064942e-6,1.2,68.23407838636265,1.2,Diverse Small Cities,#006298,-75.02266,39.932279
ma-colrain,0.09492,2,40076,-6.117890667406996,6892503,0,8.705110465675532e-7,1.1,7.750517875512592,4.3,Small Town Democrats,#990000,-72.73104,42.673371
co-conifer,0.183024,2,90378,-3.871673525370592,5758736,0,8.68246087335832e-7,4.8,6.083762902144484,1.3,White Suburbs,#243142,-105.31198,39.514738
co-denver,0.608145,7,68592,-4.475950235349998,5758736,8.250700278186112e-6,8.68246087335832e-7,4.8,9.07197847289293,1.1,Big Cities,#D55E00,-104.408349,39.738752
mi-detroit,0.365193,7,30894,-2.810344627692884,9986857,1.3432214330381728e-5,6.007896177946675e-7,2.3,0.41336615175498165,1.1,Big Cities,#D55E00,-83.150823,42.239933
ma-billerica,0.288128,3,105343,-2.8416686637513124,6892503,0,8.705110465675532e-7,1.1,109.50855693330213,1.2,Suburban Jewish Centers,#E69F00,-71.459405,42.446396
fl-gainesville,0.611542,5,37264,-2.5320407647926872,21477737,7.462853645977149e-6,7.449574412797773e-7,3.5,8.334691579368489,2.2,Centers of Socioeconomic Inequality,#009E73,-82.3244,29.653195
ny-hewlett,0.440861,2,103177,-3.79485100614772,19453561,0,5.140447036920387e-7,1.2,152.35842493390842,1.2,Suburban Jewish Centers,#E69F00,-73.69253,40.639534
ca-la jolla,0.356856,3,109194,-4.26092801528769,39512223,0,3.7962936178002436e-7,4.9,2.401772585934406,1.1,White Suburbs,#243142,-116.846046,33.016928
va-leesburg,0.549401,4,114444,-5.0194564106257555,8535519,0,1.0544174290983361e-6,3.5,3.5639670640285113,1.2,Diverse Small Cities,#006298,-77.58025,39.080037
nj-livingston,0.479705,3,166629,-2.5286399195301517,8882190,0,1.2384333143064942e-6,1.2,6.026755292478934,1.2,Wealthy Enclaves,#CC79A7,-74.32134,40.788733
ny-new york,0.662308,8,63998,-2.79299207526703,19453561,9.209765298341137e-6,5.140447036920387e-7,1.2,180.26660510431321,1.1,Big Cities,#D55E00,-73.99653,40.750742
ga-marietta,0.640821,4,57452,4.271780582391578,10617423,1.642926380468891e-5,5.651088781147741e-7,3.5,3.620196468326584,1.2,Mid-Sized City Republicans,#63B1D3,-84.557181,33.912473
ct-middletown,0.504484,3,65572,-3.220041026193143,3565287,0,1.4024116431580404e-6,1.1,6.085491941333399,1.2,Diverse Small Cities,#006298,-72.6632,41.553672
mn-minneapolis,0.589511,6,62583,-3.582096670773095,5639632,2.3277142311792667e-6,1.0638992047708078e-6,2.4,25.590982573041096,1.2,Big Cities,#D55E00,-93.47188,45.015914
mn-minnetonka,0.253278,4,95630,-3.582096670773095,5639632,0,1.0638992047708078e-6,2.4,25.590982573041096,1.2,White Suburbs,#243142,-93.48443,44.915413
ma-needham,0.302972,3,165547,-3.0638250286065354,6892503,0,8.705110465675532e-7,1.1,154.38311964479124,1.2,Suburban Jewish Centers,#E69F00,-71.08923,42.180048
ne-omaha,0.516883,6,60092,4.476853075424343,1934408,4.182420450363034e-6,1.0339080483538115e-6,2.4,10.478408128704489,2.1,Mid-Sized City Republicans,#63B1D3,-96.171104,41.291736
ca-palm desert,0.513768,4,59977,-4.644308382265087,39512223,0,3.7962936178002436e-7,4.9,1.196568571845935,1.2,Diverse Small Cities,#006298,-116.055617,33.752886
pa-philadelphia,0.67423,8,45927,-1.780977960887775,12801989,5.050300997939477e-6,9.373543439226514e-7,1.2,46.38484778472583,1.1,Big Cities,#D55E00,-75.11787,40.001811
ny-port washington,0.134525,3,141667,-3.79485100614772,19453561,0,5.140447036920387e-7,1.2,152.35842493390842,1.2,Suburban Jewish Centers,#E69F00,-73.601772,40.754757
ny-queens,0.742192,8,68666,-4.128303951557095,19453561,0,5.140447036920387e-7,1.2,78.15592218371447,1.1,Big Cities,#D55E00,-74.0112748,40.6509334
ut-salt lake city,0.520606,5,60676,8.78896500122158,3205958,9.971730145038815e-6,9.357577360651636e-7,4.8,3.747940584730786,1.2,Mid-Sized City Republicans,#63B1D3,-111.908297,40.668068
nj-sparta,0.256945,3,138061,3.6732816868509435,8882190,0,1.2384333143064942e-6,1.2,3.338091889857172,1.2,White Republicans,#A36B00,-74.63557,41.035384
ny-staten island,0.561934,6,82783,8.28342686780995,19453561,0,5.140447036920387e-7,1.2,64.16704642581885,1.2,Mid-Sized City Republicans,#63B1D3,-74.09432,40.631775
co-steamboat springs,0.219403,3,77419,-6.4450804098063195,5758736,0,8.68246087335832e-7,4.8,1.1658182100804415,7.3,Small Town Democrats,#990000,-106.92691,40.348242
ma-stoughton,0.454536,3,83519,-3.0638250286065354,6892503,0,8.705110465675532e-7,1.1,154.38311964479124,1.2,Suburban Jewish Centers,#E69F00,-71.10627,42.125432000000004
wi-sumner,0.025764,1,78357,3.923108948354229,5822434,0,1.202246345772232e-6,2.3,0.01,4.3,Small Town Democrats,#990000,-91.6611443,45.3863478
mi-walled lake,0.339234,2,52313,-2.9486964242803007,9986857,0,6.007896177946675e-7,2.3,53.54983040833036,1.2,White Suburbs,#243142,-83.3863,42.660091
ca-altadena,0.707932,3,98693,-3.1561999868593285,39512223,0,3.7962936178002436e-7,4.9,5.300322061669674,1.2,Diverse Small Cities,#006298,-118.298662,33.786594
fl-altamonte springs,0.632851,3,52888,3.370434297412446,21477737,0,7.449574412797773e-7,3.5,2.60777373074095,1.2,Mid-Sized City Republicans,#63B1D3,-81.36796,28.666249
ma-amherst,0.478617,3,50203,-4.495070945503029,6892503,0,8.705110465675532e-7,1.1,36.25546155991447,2.2,Centers of Socioeconomic Inequality,#009E73,-72.50323,42.377651
ma-cambridge,0.582486,5,103154,-2.8416686637513124,6892503,0,8.705110465675532e-7,1.1,109.50855693330213,1.1,Diverse Suburban Jewish Centers,#004421,-71.459405,42.446396
pa-cheltenham,0.619245,3,85217,-2.963978874807374,12801989,0,9.373543439226514e-7,1.2,78.62621952102572,1.2,Diverse Small Cities,#006298,-75.10439,40.060304
mo-clayton,0.416895,3,107596,-3.0113171580151263,6137428,0,1.1405429114606314e-6,2.4,49.83223748551826,1.2,Suburban Jewish Centers,#E69F00,-90.3370693,38.6457506
ca-el cajon,0.583424,5,55309,-4.26092801528769,39512223,0,3.7962936178002436e-7,4.9,2.401772585934406,1.2,Centers of Socioeconomic Inequality,#009E73,-116.846046,33.016928
ca-fremont,0.595475,5,133354,-3.127940330849796,39512223,0,3.7962936178002436e-7,4.9,3.0553417332982153,1.2,Diverse Small Cities,#006298,-121.99433,37.562218
nj-madison,0.380525,3,146157,2.5960011149707425,8882190,0,1.2384333143064942e-6,1.2,61.30773651027461,1.2,White Republicans,#A36B00,-74.41609,40.75875
nj-manalapan,0.296189,3,122304,3.858361379039674,8882190,0,1.2384333143064942e-6,1.2,11.265719702456249,1.2,White Republicans,#A36B00,-74.4153161,40.2767178
pa-media,0.270327,2,77708,-1.8238829911480492,12801989,0,9.373543439226514e-7,1.2,37.18452911105957,1.2,White Suburbs,#243142,-75.405987,39.934047
ma-milton,0.446982,3,133718,-3.0638250286065354,6892503,0,8.705110465675532e-7,1.1,154.38311964479124,1.2,Suburban Jewish Centers,#E69F00,-71.07496,42.253074
ca-oakland,0.763029,6,73692,-3.127940330849796,39512223,6.927910472922262e-6,3.7962936178002436e-7,4.9,3.0553417332982153,1.1,Big Cities,#D55E00,-121.921498,37.680181
fl-palm beach,0.134908,2,141348,-1.7218406484358004,21477737,0,7.449574412797773e-7,3.5,157.49279412843444,1.2,Suburban Jewish Centers,#E69F00,-80.03937,26.715067
ca-san rafael,0.575818,4,91742,-5.598385531430342,39512223,0,3.7962936178002436e-7,4.9,10.051373687737323,1.2,Diverse Small Cities,#006298,-122.51484,37.972423
fl-tallahassee,0.605263,5,45734,-0.9514011961251336,21477737,1.0282776349614396e-5,7.449574412797773e-7,3.5,8.615325707174653,2.2,Centers of Socioeconomic Inequality,#009E73,-84.26903,30.431283
ca-walnut creek,0.489107,4,105948,-3.6216505424670737,39512223,0,3.7962936178002436e-7,4.9,2.7907825928196033,1.2,Diverse Small Cities,#006298,-121.955399,37.777208
pa-westfall,0.148706,2,42472,4.968215317432638,12801989,0,9.373543439226514e-7,1.2,0.5363559973539771,1.3,White Republicans,#A36B00,-74.8444696,41.3845182
ca-alameda,0.693266,4,104756,-3.127940330849796,39512223,0,3.7962936178002436e-7,4.9,3.0553417332982153,1.1,Diverse Small Cities,#006298,-122.25937,37.769528
ca-foster city,0.625939,3,158529,-4.008596611824331,39512223,0,3.7962936178002436e-7,4.9,5.236860742386735,1.2,Wealthy Enclaves,#CC79A7,-122.251078,37.562385
ca-palm springs,0.54956,3,53441,-4.644308382265087,39512223,0,3.7962936178002436e-7,4.9,1.196568571845935,1.2,Diverse Small Cities,#006298,-116.055617,33.752886
co-aspen,0.27759,2,78292,-7.081356835417969,5758736,0,8.68246087335832e-7,4.8,4.178272980501393,7.3,Small Town Democrats,#990000,-106.8191,39.196857
ct-west hartford,0.440526,4,104281,-3.29940602691983,3565287,0,1.4024116431580404e-6,1.1,3.674259015096948,1.2,Diverse Small Cities,#006298,-72.7918088,41.7625942
fl-coral springs,0.68937,5,77360,-2.1175296207606498,21477737,0,7.449574412797773e-7,3.5,9.15111261441325,1.2,Diverse Small Cities,#006298,-80.2847223,26.2700037
ky-lexington,0.463109,6,54896,-3.159385955972615,4467673,3.0945189879685103e-6,1.566811178884399e-6,3.6,7.721292235468527,2.2,Centers of Socioeconomic Inequality,#009E73,-84.61645,38.037847
ma-franklin,0.21051,3,122607,-3.0638250286065354,6892503,0,8.705110465675532e-7,1.1,154.38311964479124,1.2,Suburban Jewish Centers,#E69F00,-71.4069,42.089104
md-kensington,0.39339,2,125357,-3.817357106692913,6045680,0,8.270368262958013e-7,3.5,110.846815452128,1.2,Suburban Jewish Centers,#E69F00,-77.207617,39.143979
al-birmingham,0.446509,5,37375,-3.2565270399091633,4903185,1.432644231458002e-5,1.2236943945619022e-6,3.6,0.8342181101167905,1.2,Centers of Socioeconomic Inequality,#009E73,-86.929208,33.544622
az-paradise valley,0.265473,3,211393,2.127159830919461,7278717,0,8.243210994465096e-7,4.8,2.027965749710258,1.2,White Republicans,#A36B00,-111.95645,33.544596
az-tucson,0.607896,7,43425,-1.710145444537968,7278717,0,8.243210994465096e-7,4.8,2.160579670533254,2.1,Big Cities,#D55E00,-111.890713,31.970131
az-scottsdale,0.341056,6,88213,2.127159830919461,7278717,3.874932673044806e-6,8.243210994465096e-7,4.8,2.027965749710258,1.2,White Republicans,#A36B00,-112.18717,33.276539
ca-south pasadena,0.687747,3,104308,-3.1561999868593285,39512223,0,3.7962936178002436e-7,4.9,5.300322061669674,1.2,Diverse Small Cities,#006298,-118.298662,33.786594
ca-los angeles,0.659853,8,62142,-3.1561999868593285,39512223,3.769245768895983e-6,3.7962936178002436e-7,4.9,10.600644123339348,1.1,Big Cities,#D55E00,-118.24878,33.972914
ca-pasadena,0.712263,5,83068,-3.1561999868593285,39512223,0,3.7962936178002436e-7,4.9,5.300322061669674,1.1,Diverse Small Cities,#006298,-118.298662,33.786594
co-eagle,0.306909,2,97806,-5.489908415491761,5758736,0,8.68246087335832e-7,4.8,2.7276198788936776,5.2,Small Town Democrats,#990000,-106.7751,39.622314
co-westminster,0.493825,5,76142,-3.706409429723778,5758736,0,8.68246087335832e-7,4.8,2.461572124063235,1.2,Diverse Small Cities,#006298,-105.03736,39.830936
ct-new haven,0.702192,5,42222,-4.780969760012141,3565287,0,1.4024116431580404e-6,1.1,3.7895571465217692,2.1,Centers of Socioeconomic Inequality,#009E73,-72.927507,41.365709
fl-boynton beach,0.6327,4,57563,-1.7218406484358004,21477737,0,7.449574412797773e-7,3.5,157.49279412843444,1.2,Diverse Small Cities,#006298,-80.430269,26.645895
fl-davie,0.639892,5,71780,-2.1175296207606498,21477737,0,7.449574412797773e-7,3.5,9.15111261441325,1.2,Diverse Small Cities,#006298,-80.3113881,26.0761112
ga-sandy springs,0.606799,5,78613,-4.141652520587648,10617423,0,5.651088781147741e-7,3.5,76.3631377164765,1.2,Diverse Small Cities,#006298,-84.4228559,33.9433382
md-rockville,0.695165,4,106576,-3.817357106692913,6045680,0,8.270368262958013e-7,3.5,110.846815452128,1.2,Diverse Suburban Jewish Centers,#004421,-77.207617,39.143979
md-annapolis,0.619694,3,85636,2.900390703088185,6045680,0,8.270368262958013e-7,3.5,6.249663646574577,1.2,Mid-Sized City Republicans,#63B1D3,-76.594942,38.974203
mi-birmingham,0.204818,3,122804,-2.9486964242803007,9986857,0,6.007896177946675e-7,2.3,53.54983040833036,1.2,White Suburbs,#243142,-83.21527,42.544084
mo-town and country,0.290687,3,192983,-3.0113171580151263,6137428,0,1.1405429114606314e-6,2.4,49.83223748551826,1.2,Wealthy Enclaves,#CC79A7,-90.5132787,38.6347031
nc-durham,0.67069,6,58905,-4.430091849669582,10488084,7.168638639679132e-6,1.2395018956751299e-6,3.5,17.048737288429905,2.2,Centers of Socioeconomic Inequality,#009E73,-78.89731,35.997193
nv-las vegas,0.674609,7,56354,-2.9218216845889433,3080156,9.212075803101092e-6,9.739766427414716e-7,4.8,35.61271115010573,1.1,Big Cities,#D55E00,-114.972061,35.927901
ut-park city,0.385621,2,111000,8.395269921119494,3205958,0,9.357577360651636e-7,4.8,2.3847566355853385,4.2,White Republicans,#A36B00,-111.49362,40.648541
va-fairfax,0.615091,3,116979,-5.470787819879497,8535519,0,1.0544174290983361e-6,3.5,37.756507457887814,1.2,Diverse Small Cities,#006298,-77.288755,38.831813
ar-little rock,0.610391,5,51485,3.160675622379675,3017804,1.5204346415828738e-5,3.3136678193812457e-7,3.7,0.01,7.2,Centers of Socioeconomic Inequality,#009E73,-92.392487,34.751918
az-phoenix,0.625605,8,57459,2.127159830919461,7278717,2.9744341436485123e-6,8.243210994465096e-7,4.8,4.055931499420516,1.1,Big Cities,#D55E00,-112.351835,33.703967
ca-ventura,0.605155,7,88131,-4.103693261231024,39512223,1.1820247137727156e-6,3.7962936178002436e-7,4.9,4.70053480334725,2.2,Big Cities,#D55E00,-119.30164,34.311203
ca-belmont,0.544638,3,156052,-4.008596611824331,39512223,0,3.7962936178002436e-7,4.9,5.236860742386735,1.2,Wealthy Enclaves,#CC79A7,-122.29026,37.516687
ca-mission viejo,0.514671,4,118477,5.163649729509029,39512223,1.059535287822761e-5,3.7962936178002436e-7,4.9,2.621652194874525,1.2,Mid-Sized City Republicans,#63B1D3,-117.769442,33.640302
ca-santa barbara,0.547892,4,76606,-5.048236671229192,39512223,0,3.7962936178002436e-7,4.9,4.031111220598083,2.2,Diverse Small Cities,#006298,-119.7065,34.420163
ca-albany,0.67534,3,95400,-3.127940330849796,39512223,0,3.7962936178002436e-7,4.9,3.0553417332982153,1.1,Diverse Small Cities,#006298,-122.29371,37.889125
ca-burbank,0.603483,5,75827,-3.1561999868593285,39512223,0,3.7962936178002436e-7,4.9,5.300322061669674,1.2,Diverse Small Cities,#006298,-118.298662,33.786594
ca-conejo valley,0.49436,5,99151,-4.103693261231024,39512223,0,3.7962936178002436e-7,4.9,4.70053480334725,2.2,Centers of Socioeconomic Inequality,#009E73,-118.9155183,34.1894488
ca-riverside,0.612405,6,69045,-4.644308382265087,39512223,0,3.7962936178002436e-7,4.9,1.196568571845935,1.2,Big Cities,#D55E00,-116.055617,33.752886
co-lakewood,0.462676,5,66740,-3.871673525370592,5758736,6.331718745053345e-6,8.68246087335832e-7,4.8,6.083762902144484,1.2,Centers of Socioeconomic Inequality,#009E73,-105.1962882,39.6901084
ct-amity,0.615193,2,137216,-4.780969760012141,3565287,0,1.4024116431580404e-6,1.1,3.7895571465217692,2.2,Wealthy Enclaves,#CC79A7,-72.9844522,41.3347452
ct-ridgefield,0.20559,3,133647,-4.133256866448427,3565287,0,1.4024116431580404e-6,1.1,5.472424384656869,2.2,White Suburbs,#243142,-73.363661,41.308873
dc-washington,0.634743,7,86420,-2.3139883479507013,705749,2.6921752634435188e-5,2.6921752634435188e-5,3.5,97.88527378978013,1.1,Big Cities,#D55E00,-77.01732,38.907711
ga-norcross,0.676656,3,58236,5.337903731070721,10617423,6.0270009643201545e-5,5.651088781147741e-7,3.5,4.559265602550601,1.2,Mid-Sized City Republicans,#63B1D3,-84.037859,33.960353
ga-cumming,0.522712,2,47273,4.654300343155271,10617423,0,5.651088781147741e-7,3.5,2.747113417747198,1.2,Mid-Sized City Republicans,#63B1D3,-84.092588,34.193041
ga-augusta,0.551273,5,42592,2.1064783391866406,10617423,1.0106727037516172e-5,5.651088781147741e-7,3.5,8.425637269834274,2.1,Centers of Socioeconomic Inequality,#009E73,-82.090996,33.386041
md-ashton,0.602595,2,127813,-3.817357106692913,6045680,0,8.270368262958013e-7,3.5,110.846815452128,1.2,Suburban Jewish Centers,#E69F00,-76.99859,39.14827
ny-saugerties,0.213949,3,39631,-4.822719682839878,19453561,0,5.140447036920387e-7,1.2,25.19610972065913,3.2,Small Town Democrats,#990000,-74.067014,42.039355
ri-providence,0.67147,5,45610,-4.24990418817206,1059361,0,9.439652771812442e-7,1.1,13.36301494771131,1.1,Centers of Socioeconomic Inequality,#009E73,-71.453674,41.817398
ca-pacific palisades,0.295165,3,173542,-3.1561999868593285,39512223,0,3.7962936178002436e-7,4.9,5.300322061669674,1.2,Wealthy Enclaves,#CC79A7,-118.53374,34.050505
ca-egan,0.614986,4,39726,4.794806003212344,39512223,0,3.7962936178002436e-7,4.9,0.01,3.3,Mid-Sized City Republicans,#63B1D3,-117.2912614,33.7322192
co-longmont,0.470584,4,74242,-7.101413991461589,5758736,0,8.68246087335832e-7,4.8,4.477456314133428,2.2,Centers of Socioeconomic Inequality,#009E73,-105.373507,40.087835
co-thornton,0.553964,5,79411,-3.706409429723778,5758736,0,8.68246087335832e-7,4.8,2.461572124063235,1.2,Diverse Small Cities,#006298,-104.908921,39.958987
nj-loch arbour village,0.131289,1,121875,3.858361379039674,8882190,0,1.2384333143064942e-6,1.2,11.265719702456249,1.2,White Republicans,#A36B00,-74.2819138,40.2320738
ny-long island city,0.600984,3,75581,-4.128303951557095,19453561,0,5.140447036920387e-7,1.2,78.15592218371447,1.1,Diverse Small Cities,#006298,-73.93907,40.745341
tx-katy,0.593109,3,83091,-3.5432903513135248,28995881,0,3.10388913514992e-7,3.7,9.203768171030678,1.2,Diverse Small Cities,#006298,-95.434241,29.83399
az-vail,0.422295,3,85927,-1.710145444537968,7278717,0,8.243210994465096e-7,4.8,2.160579670533254,2.2,White Suburbs,#243142,-110.67442,32.00196
ca-calabasas,0.403709,3,125814,-3.1561999868593285,39512223,0,3.7962936178002436e-7,4.9,5.300322061669674,1.2,Wealthy Enclaves,#CC79A7,-118.298662,33.786594
ca-laguna beach,0.274888,3,129983,5.163649729509029,39512223,0,3.7962936178002436e-7,4.9,2.621652194874525,1.2,White Republicans,#A36B00,-117.769442,33.640302
ca-healdsburg,0.47698,3,96016,-4.525643684515208,39512223,0,3.7962936178002436e-7,4.9,4.620535982173933,2.2,White Suburbs,#243142,-122.87626,38.614088
ca-monterey,0.530262,3,80694,-3.5057453339506472,39512223,0,3.7962936178002436e-7,4.9,1.1019435529415005,2.2,Diverse Small Cities,#006298,-121.132928,36.35433
ct-newington,0.395261,3,81646,-3.29940602691983,3565287,0,1.4024116431580404e-6,1.1,3.674259015096948,1.2,White Suburbs,#243142,-72.718832,41.791776
fl-spring hill,0.439273,4,51395,4.984862937833831,21477737,0,7.449574412797773e-7,3.5,0.18337568438425064,1.2,Mid-Sized City Republicans,#63B1D3,-82.416515,28.564167
fl-lantana,0.607421,3,49801,-1.7218406484358004,21477737,0,7.449574412797773e-7,3.5,157.49279412843444,1.2,Diverse Suburban Jewish Centers,#004421,-80.052663,26.590609
ma-duxbury,0.064516,3,147404,-1.9330254493880128,6892503,0,8.705110465675532e-7,1.1,1.158006067951796,1.2,Wealthy Enclaves,#CC79A7,-70.701357,41.970474
mi-grand rapids,0.581973,5,50103,4.223849363692428,9986857,1.4924407874117595e-5,6.007896177946675e-7,2.3,2.753194470361861,2.2,Mid-Sized City Republicans,#63B1D3,-85.550267,43.031413
ms-meridian,0.490915,3,32422,3.2677092693700676,2976149,0,2.352032777928793e-6,3.6,0.01,5.2,Mid-Sized City Republicans,#63B1D3,-88.6596,32.339004
nj-caldwell,0.351402,2,96806,-2.5286399195301517,8882190,0,1.2384333143064942e-6,1.2,6.026755292478934,1.2,White Suburbs,#243142,-74.27917,40.848999
nj-oradell,0.400893,2,132358,-2.6133630828835868,8882190,0,1.2384333143064942e-6,1.2,106.7586784129682,1.2,Suburban Jewish Centers,#E69F00,-74.041234,40.951348
ny-belle harbor,0.096518,2,84485,-4.128303951557095,19453561,0,5.140447036920387e-7,1.2,78.15592218371447,1.1,White Suburbs,#243142,-73.8565949,40.5758442
ny-bronx,0.479291,8,40088,-4.420306249586598,19453561,7.051156848048275e-7,5.140447036920387e-7,1.2,28.593732979920848,1.1,Big Cities,#D55E00,-73.9223,40.819729
ca-sunnyvale,0.659801,5,140631,-3.648972508355856,39512223,0,3.7962936178002436e-7,4.9,4.619187951919156,1.2,Diverse Small Cities,#006298,-121.705327,37.189396
nj-east hanover,0.462194,3,136016,2.5960011149707425,8882190,0,1.2384333143064942e-6,1.2,61.30773651027461,1.2,White Republicans,#A36B00,-74.36474,40.820012
ca-santa rosa,0.585192,5,75630,-4.525643684515208,39512223,0,3.7962936178002436e-7,4.9,4.620535982173933,2.2,Centers of Socioeconomic Inequality,#009E73,-122.989975,38.463088
ca-roseville,0.494056,5,89082,3.7915465888361206,39512223,0,3.7962936178002436e-7,4.9,5.392357604877541,1.2,Mid-Sized City Republicans,#63B1D3,-121.2531,38.731976
co-brighton,0.55642,3,75355,-3.706409429723778,5758736,0,8.68246087335832e-7,4.8,2.461572124063235,1.2,Diverse Small Cities,#006298,-104.82407,39.973251
ky-goshen,0.158244,1,97500,2.6712150917244517,4467673,0,1.566811178884399e-6,3.6,0.01,1.3,White Republicans,#A36B00,-85.57066,38.411964
ny-amherst,0.370996,5,76704,-3.5462336932362257,19453561,0,5.140447036920387e-7,1.2,12.775641255644388,1.2,Diverse Small Cities,#006298,-78.803688,42.9741369
ny-syosset,0.49305,3,163589,-3.79485100614772,19453561,0,5.140447036920387e-7,1.2,152.35842493390842,1.2,Suburban Jewish Centers,#E69F00,-73.601772,40.754757
va-ashburn,0.601517,3,132331,-5.0194564106257555,8535519,0,1.0544174290983361e-6,3.5,3.5639670640285113,1.2,Wealthy Enclaves,#CC79A7,-77.645224,39.085309
ca-moraga,0.483394,3,140378,-3.6216505424670737,39512223,0,3.7962936178002436e-7,4.9,2.7907825928196033,1.2,Wealthy Enclaves,#CC79A7,-121.955399,37.777208
ca-berkeley,0.64452,5,85530,-3.127940330849796,39512223,8.239743579179816e-6,3.7962936178002436e-7,4.9,3.0553417332982153,1.1,Diverse Small Cities,#006298,-121.921498,37.680181
mn-st. cloud,0.390595,4,49135,4.191215365696278,5639632,1.4606643101282463e-5,1.0638992047708078e-6,2.4,0.01,3.0,NA,NA,NA,NA
nj-franklin lakes,0.362358,3,172766,-2.6133630828835868,8882190,0,1.2384333143064942e-6,1.2,106.7586784129682,1.2,Suburban Jewish Centers,#E69F00,-74.20847,41.010433
nj-hackensack,0.708157,3,70090,-2.6133630828835868,8882190,0,1.2384333143064942e-6,1.2,106.7586784129682,1.1,Diverse Suburban Jewish Centers,#004421,-74.083231,40.948054
ny-old westbury,0.551188,2,220048,-3.79485100614772,19453561,0,5.140447036920387e-7,1.2,152.35842493390842,1.2,Suburban Jewish Centers,#E69F00,-73.60119,40.787368
or-eugene,0.375767,5,50962,-3.9612476659626967,4217737,5.793004367925293e-6,1.6596577738251579e-6,4.9,8.561395744591172,2.2,Centers of Socioeconomic Inequality,#009E73,-123.08275,44.06092
ca-bonita,0.651688,3,99427,-4.26092801528769,39512223,0,3.7962936178002436e-7,4.9,2.401772585934406,1.2,Diverse Small Cities,#006298,-117.02456,32.663803
ca-davis,0.615985,4,69379,-4.2649595510894995,39512223,0,3.7962936178002436e-7,4.9,9.527784835396174,1.2,Diverse Small Cities,#006298,-121.73655,38.549256
ca-san anselmo,0.234226,3,128212,-5.598385531430342,39512223,0,3.7962936178002436e-7,4.9,10.051373687737323,1.2,White Suburbs,#243142,-122.740988,38.068036
ct-wilton,0.27677,3,193292,-4.133256866448427,3565287,0,1.4024116431580404e-6,1.1,5.472424384656869,2.2,Wealthy Enclaves,#CC79A7,-73.43758,41.201446
ct-stamford,0.649939,5,93059,-4.133256866448427,3565287,0,1.4024116431580404e-6,1.1,5.472424384656869,2.1,Centers of Socioeconomic Inequality,#009E73,-73.363661,41.308873
fl-wellington,0.574859,4,92586,-1.7218406484358004,21477737,0,7.449574412797773e-7,3.5,157.49279412843444,1.2,Diverse Suburban Jewish Centers,#004421,-80.3040824,26.6388952
fl-jacksonville beach,0.223573,3,91037,2.465819615075488,21477737,0,7.449574412797773e-7,3.5,13.681603820745732,1.2,White Republicans,#A36B00,-81.683107,30.34494
mi-plymouth,0.13196,2,83073,-2.810344627692884,9986857,0,6.007896177946675e-7,2.3,0.41336615175498165,1.2,White Suburbs,#243142,-83.4856,42.370837
nj-north caldwell,0.215466,2,187734,-2.5286399195301517,8882190,0,1.2384333143064942e-6,1.2,6.026755292478934,1.2,Wealthy Enclaves,#CC79A7,-74.2751045,40.8589857
nj-toms river,0.317148,4,79889,5.709856880826361,8882190,0,1.2384333143064942e-6,1.2,124.15835758604241,1.2,Mid-Sized City Republicans,#63B1D3,-74.24928,40.000759
nj-mountain lakes,0.299585,2,241667,2.5960011149707425,8882190,0,1.2384333143064942e-6,1.2,61.30773651027461,1.2,White Republicans,#A36B00,-74.44022,40.892021
ny-rotterdam,0.217617,3,65820,-4.071412296499857,19453561,0,5.140447036920387e-7,1.2,3.3472803347280333,2.3,White Suburbs,#243142,-74.0232888,42.7805677
va-woodbridge,0.61111,2,113065,-3.970165197535918,8535519,0,1.0544174290983361e-6,3.5,5.341754787814816,1.2,Diverse Small Cities,#006298,-77.466897,38.721912
ca-san francisco,0.689458,7,112449,-3.097054292322919,39512223,2.268733785643226e-6,3.7962936178002436e-7,4.9,14.35517743021946,1.1,Big Cities,#D55E00,-122.41915,37.779329
ca-tustin,0.681737,4,84697,5.163649729509029,39512223,0,3.7962936178002436e-7,4.9,2.621652194874525,1.2,Mid-Sized City Republicans,#63B1D3,-117.769442,33.640302
ca-alamo,0.333506,3,239545,-3.6216505424670737,39512223,0,3.7962936178002436e-7,4.9,2.7907825928196033,1.2,Wealthy Enclaves,#CC79A7,-122.02488,37.856683
ia-des moines,0.535984,5,53525,-2.296313670274201,3155070,0,NA,2.4,0.5747079252222888,2.1,Centers of Socioeconomic Inequality,#009E73,-93.572173,41.672687
mi-ludington,0.174888,2,45302,5.1110758852204885,9986857,0,6.007896177946675e-7,2.3,0.01,7.2,Small Town Democrats,#990000,-86.43044,43.967306
ny-cedarhurst,0.361234,2,103846,-3.79485100614772,19453561,0,5.140447036920387e-7,1.2,152.35842493390842,1.2,Suburban Jewish Centers,#E69F00,-73.72852,40.627386
ca-irvine,0.64174,6,105126,5.163649729509029,39512223,0,3.7962936178002436e-7,4.9,2.621652194874525,1.2,Mid-Sized City Republicans,#63B1D3,-117.769442,33.640302
ct-farmington,0.350552,3,93053,-3.29940602691983,3565287,0,1.4024116431580404e-6,1.1,3.674259015096948,1.2,White Suburbs,#243142,-72.718832,41.791776
mo-webster groves,0.194831,3,102759,-3.0113171580151263,6137428,0,1.1405429114606314e-6,2.4,49.83223748551826,1.2,White Suburbs,#243142,-90.3692255,38.5864507
ma-sudbury,0.302942,3,191310,-2.8416686637513124,6892503,0,8.705110465675532e-7,1.1,109.50855693330213,1.2,Suburban Jewish Centers,#E69F00,-71.42989,42.38532
ma-ashland,0.373175,3,124130,-2.8416686637513124,6892503,0,8.705110465675532e-7,1.1,109.50855693330213,1.2,Suburban Jewish Centers,#E69F00,-71.45886,42.257956
ma-canton,0.352847,3,105919,-3.0638250286065354,6892503,0,8.705110465675532e-7,1.1,154.38311964479124,1.2,Suburban Jewish Centers,#E69F00,-71.1343,42.166776
az-peoria,0.478092,5,75323,2.127159830919461,7278717,0,8.243210994465096e-7,4.8,2.027965749710258,1.2,Mid-Sized City Republicans,#63B1D3,-112.18717,33.276539
nj-sewell,0.287253,3,90612,-4.423377207814934,8882190,0,1.2384333143064942e-6,1.2,2.81392412013397,1.2,White Suburbs,#243142,-75.10637,39.74953
nj-moorestown,0.292822,3,148060,-3.2997121531943385,8882190,0,1.2384333143064942e-6,1.2,3.5699531191062097,1.2,Wealthy Enclaves,#CC79A7,-74.9489,39.968962
nh-keene,0.174769,3,56971,-4.65840481865971,1359711,0,2.206351202571723e-6,1.1,0.3921927496633679,4.2,Small Town Democrats,#990000,-72.28616,42.946418
nc-charlotte,0.676612,7,62817,-4.782858483823903,10488084,5.64520135304186e-6,1.2395018956751299e-6,3.5,10.96991409643103,1.2,Big Cities,#D55E00,-80.804151,35.26002
ma-brookline,0.48143,4,117326,-3.0638250286065354,6892503,0,8.705110465675532e-7,1.1,154.38311964479124,1.1,Diverse Suburban Jewish Centers,#004421,-71.088745,42.308198
ma-hanover,0.062786,3,127981,-1.9330254493880128,6892503,0,8.705110465675532e-7,1.1,1.158006067951796,1.2,White Suburbs,#243142,-70.85913,42.12867
ny-katonah,0.241749,2,173942,-2.7959028813827795,19453561,0,5.140447036920387e-7,1.2,126.58999681690594,1.2,Suburban Jewish Centers,#E69F00,-73.68512,41.265478
al-grand bay,0.161961,2,69960,2.3681117171260047,4903185,0,1.2236943945619022e-6,3.6,0.3262784677963152,2.3,White Republicans,#A36B00,-88.32722,30.487783
ma-walpole,0.266562,3,94375,-3.0638250286065354,6892503,0,8.705110465675532e-7,1.1,154.38311964479124,1.2,Suburban Jewish Centers,#E69F00,-71.25375,42.145237
ca-buellton,0.489151,2,93099,-5.048236671229192,39512223,0,3.7962936178002436e-7,4.9,2.0155556102990415,2.2,White Suburbs,#243142,-120.2051,34.613014
ma-dedham,0.381686,3,100757,-3.0638250286065354,6892503,0,8.705110465675532e-7,1.1,154.38311964479124,1.2,Suburban Jewish Centers,#E69F00,-71.16553,42.244609
nj-rockaway,0.489946,2,96602,2.5960011149707425,8882190,0,1.2384333143064942e-6,1.2,61.30773651027461,1.2,White Republicans,#A36B00,-74.50624,40.926798
ma-norwell,0.09689,3,157987,-1.9330254493880128,6892503,0,8.705110465675532e-7,1.1,1.158006067951796,1.2,Wealthy Enclaves,#CC79A7,-70.8205,42.15243
nj-north hanover,0.5372,2,67477,-3.2997121531943385,8882190,0,1.2384333143064942e-6,1.2,3.5699531191062097,1.3,Diverse Small Cities,#006298,-74.6194348,40.0886286
nj-hammonton,0.402539,3,73048,-4.857273924212258,8882190,0,1.2384333143064942e-6,1.2,24.75238199292466,2.3,White Suburbs,#243142,-74.77705,39.625291
mn-orono,0.056863,2,159028,-3.582096670773095,5639632,0,1.0638992047708078e-6,2.4,25.590982573041096,1.2,Wealthy Enclaves,#CC79A7,-93.6188803,44.959872
ma-dracut,0.281839,3,90273,-2.8416686637513124,6892503,0,8.705110465675532e-7,1.1,109.50855693330213,1.2,Suburban Jewish Centers,#E69F00,-71.316,42.677772
ar-danville,0.576666,2,47292,5.656221632819514,3017804,0,3.3136678193812457e-7,3.7,0.01,6.3,Small Town Democrats,#990000,-93.4195,35.044021
ca-isla vista,0.663753,3,24545,-5.048236671229192,39512223,0,3.7962936178002436e-7,4.9,2.0155556102990415,2.2,Centers of Socioeconomic Inequality,#009E73,-119.8679558,34.4141856
ma-deerfield,0.166277,2,83359,-6.117890667406996,6892503,0,8.705110465675532e-7,1.1,7.750517875512592,4.3,Small Town Democrats,#990000,-72.6091,42.542322
ma-reading,0.168691,3,132731,-2.8416686637513124,6892503,0,8.705110465675532e-7,1.1,109.50855693330213,1.2,Suburban Jewish Centers,#E69F00,-71.10993,42.52585
nj-hillsdale,0.348164,3,146080,-2.6133630828835868,8882190,0,1.2384333143064942e-6,1.2,106.7586784129682,1.2,Suburban Jewish Centers,#E69F00,-74.04247,41.007389
wa-vancouver,0.454897,5,61714,-2.9760502087926586,7614893,1.084228273420686e-5,1.4445376973780195e-6,4.9,0.5395791697536821,1.2,Centers of Socioeconomic Inequality,#009E73,-122.520347,45.801586
nj-mendham,0.250987,2,151875,2.5960011149707425,8882190,0,1.2384333143064942e-6,1.2,61.30773651027461,1.2,White Republicans,#A36B00,-74.59529,40.782767
nj-robbinsville,0.432251,3,169327,-2.4977239547882797,8882190,0,1.2384333143064942e-6,1.2,2.4336755802288197,2.2,Wealthy Enclaves,#CC79A7,-74.6280658,40.2228929
ny-shenendehowa,0.303089,3,108116,3.3809404326814994,19453561,0,5.140447036920387e-7,1.2,0.6082645777123169,2.2,White Republicans,#A36B00,-73.8558816,42.8672847
oh-chagrin falls,0.055013,2,101691,-2.302994551194589,11689100,0,6.843982855822946e-7,2.3,55.75399744504392,1.2,White Suburbs,#243142,-81.39232,41.43932
ny-clifton park,0.28221,3,108116,3.3809404326814994,19453561,0,5.140447036920387e-7,1.2,0.6082645777123169,2.2,White Republicans,#A36B00,-73.78445,42.853676
pa-wayne,0.054816,2,56096,-1.8238829911480492,12801989,0,9.373543439226514e-7,1.2,37.18452911105957,1.2,White Suburbs,#243142,-75.405987,39.934047
sc-pawleys island,0.0582,1,147500,1.793409337580643,5148714,0,9.711162826290216e-7,3.5,0.01,4.3,Small Town Democrats,#990000,-79.1301,33.467343
pa-pittsburgh,0.520833,6,48711,-0.7317016749005578,12801989,1.3320634328606729e-5,9.373543439226514e-7,1.2,34.05961006260402,1.1,Big Cities,#D55E00,-80.024817,40.434436
ny-monticello,0.684875,2,31723,-5.7462134635258835,19453561,0,5.140447036920387e-7,1.2,49.17348803941827,4.3,Small Town Democrats,#990000,-74.69748,41.653071
ct-cromwell,0.348455,3,89243,-3.220041026193143,3565287,0,1.4024116431580404e-6,1.1,6.085491941333399,1.2,White Suburbs,#243142,-72.66998,41.612046
ma-wayland,0.325383,3,185375,-2.8416686637513124,6892503,0,8.705110465675532e-7,1.1,109.50855693330213,1.2,Suburban Jewish Centers,#E69F00,-71.35643,42.345583
mi-commerce,0.218534,3,96053,-2.9486964242803007,9986857,0,6.007896177946675e-7,2.3,53.54983040833036,1.2,White Suburbs,#243142,-83.5348433,42.5699162
nc-lincolnton,0.548756,3,37027,2.67209644292466,10488084,0,1.2395018956751299e-6,3.5,0.29843619434164975,1.3,Mid-Sized City Republicans,#63B1D3,-81.24094,35.473447
pa-newville,0.126185,1,42545,2.7686496375875667,12801989,0,9.373543439226514e-7,1.2,0.01,2.2,White Republicans,#A36B00,-77.40826,40.172412
nj-evesham,0.309121,3,100720,-3.2997121531943385,8882190,0,1.2384333143064942e-6,1.2,3.5699531191062097,1.2,White Suburbs,#243142,-74.9797901,39.8507084
nj-mount holly,0.588011,2,72236,-3.2997121531943385,8882190,0,1.2384333143064942e-6,1.2,3.5699531191062097,1.2,Diverse Small Cities,#006298,-74.79747,39.991562
nj-east orange,0.258875,4,48072,-2.5286399195301517,8882190,0,1.2384333143064942e-6,1.2,6.026755292478934,1.1,White Suburbs,#243142,-74.245241,40.79185
fl-parkland,0.521391,3,154844,-2.1175296207606498,21477737,0,7.449574412797773e-7,3.5,9.15111261441325,1.2,Wealthy Enclaves,#CC79A7,-80.267232,26.3189448
nj-highlands,0.214706,2,60638,3.858361379039674,8882190,0,1.2384333143064942e-6,1.2,11.265719702456249,1.2,White Republicans,#A36B00,-73.9904,40.404474
ct-hamden,0.601017,4,77274,-4.780969760012141,3565287,0,1.4024116431580404e-6,1.1,3.7895571465217692,2.2,Diverse Small Cities,#006298,-72.93765,41.357947
pa-hershey,0.238589,3,69688,-3.17945252480975,12801989,0,9.373543439226514e-7,1.2,18.044222781192147,2.2,White Suburbs,#243142,-76.6434,40.277923
nj-warren,0.427181,3,170264,-2.6682478338216447,8882190,0,1.2384333143064942e-6,1.2,51.63604739645614,1.2,Wealthy Enclaves,#CC79A7,-74.5008,40.633652
ny-westhampton,0.280129,2,115188,-4.890732075800393,19453561,0,5.140447036920387e-7,1.2,5.9505378797955295,1.2,White Suburbs,#243142,-72.67835,40.81819
nc-chapel hill,0.505553,4,73614,-3.9691286610584813,10488084,0,1.2395018956751299e-6,3.5,4.1088291891225595,2.2,Centers of Socioeconomic Inequality,#009E73,-79.02939,35.915083
tx-el paso,0.325697,7,47568,-4.689429409353514,28995881,1.4668606834397296e-6,3.10388913514992e-7,3.7,5.947014479790855,2.2,Centers of Socioeconomic Inequality,#009E73,-106.48011,31.759558
nc-cornelius,0.324489,3,90542,-4.782858483823903,10488084,0,1.2395018956751299e-6,3.5,10.96991409643103,1.2,White Suburbs,#243142,-80.8924,35.477583
ny-westhampton beach,0.280129,2,105625,-4.890732075800393,19453561,0,5.140447036920387e-7,1.2,5.9505378797955295,1.2,White Suburbs,#243142,-72.63449,40.816142
ca-piedmont,0.451967,3,224659,-3.127940330849796,39512223,0,3.7962936178002436e-7,4.9,3.0553417332982153,1.2,Wealthy Enclaves,#CC79A7,-121.921498,37.680181
nh-waterville,0.052762,1,105000,-5.287653329678221,1359711,0,2.206351202571723e-6,1.1,1.269685697101998,5.3,Small Town Democrats,#990000,-71.552865,43.9471701
ca-san lorenzo,0.686545,3,97286,-3.127940330849796,39512223,0,3.7962936178002436e-7,4.9,3.0553417332982153,1.2,Diverse Small Cities,#006298,-122.13199,37.678531
tx-sugar land,0.658178,5,121274,4.719065001874793,28995881,0,3.10388913514992e-7,3.7,6.473247717228231,1.2,Mid-Sized City Republicans,#63B1D3,-95.62444,29.627737
co-wheat ridge,0.395701,3,57659,-3.871673525370592,5758736,3.192440301366364e-5,8.68246087335832e-7,4.8,6.083762902144484,1.2,White Suburbs,#243142,-105.223945,39.522014
ca-azusa,0.539934,3,68216,-3.1561999868593285,39512223,0,3.7962936178002436e-7,4.9,5.300322061669674,1.2,Diverse Small Cities,#006298,-117.90309,34.128907
la-baton rouge,0.560951,5,44470,-2.519707821801493,4648794,1.8162334949781144e-5,1.0755477657216044e-6,3.7,3.2656319451373834,2.1,Centers of Socioeconomic Inequality,#009E73,-91.080373,30.51589
ca-beverly hills,0.382361,3,106936,-3.1561999868593285,39512223,0,3.7962936178002436e-7,4.9,5.300322061669674,1.1,White Suburbs,#243142,-118.298662,33.786594
mn-savage,0.362734,3,119291,2.815608225365742,5639632,0,1.0638992047708078e-6,2.4,3.5961216167619976,1.2,White Republicans,#A36B00,-93.3722,44.761796
ma-lexington,0.500394,3,186201,-2.8416686637513124,6892503,0,8.705110465675532e-7,1.1,109.50855693330213,1.2,Suburban Jewish Centers,#E69F00,-71.459405,42.446396
mi-west bloomfield,0.426335,4,104368,-2.9486964242803007,9986857,0,6.007896177946675e-7,2.3,53.54983040833036,1.2,Suburban Jewish Centers,#E69F00,-83.3863,42.660091
wi-baraboo,0.199169,3,52109,-5.489822267048507,5822434,0,1.202246345772232e-6,2.3,0.01,4.2,Small Town Democrats,#990000,-89.74753,43.483503
nj-tenafly,0.579247,3,172926,-2.6133630828835868,8882190,0,1.2384333143064942e-6,1.2,106.7586784129682,1.2,Suburban Jewish Centers,#E69F00,-73.96482,40.92169
ct-westport,0.249787,3,206466,-4.133256866448427,3565287,0,1.4024116431580404e-6,1.1,5.472424384656869,2.2,Wealthy Enclaves,#CC79A7,-73.363661,41.308873
ny-armonk,0.23378,2,199457,-2.7959028813827795,19453561,0,5.140447036920387e-7,1.2,126.58999681690594,1.2,Suburban Jewish Centers,#E69F00,-73.70352,41.129908
ma-springfield,0.653405,5,39432,-2.529828779176814,6892503,1.3020324726898688e-5,8.705110465675532e-7,1.1,7.015216642644864,2.1,Centers of Socioeconomic Inequality,#009E73,-72.604842,42.170731
va-virginia beach,0.565925,6,76610,3.749609211319047,8535519,0,1.0544174290983361e-6,3.5,13.32773568434591,1.2,Mid-Sized City Republicans,#63B1D3,-76.12036,36.844004
ma-acton,0.483322,3,141665,-2.8416686637513124,6892503,0,8.705110465675532e-7,1.1,109.50855693330213,1.2,Suburban Jewish Centers,#E69F00,-71.4422,42.477142
id-coeur d'alene,0.212525,4,51073,3.0791025018026006,1787065,0,1.6787302084703131e-6,4.8,0.01,3.2,Mid-Sized City Republicans,#63B1D3,-116.7757,47.66655
nj-south orange village,0.582725,3,139037,-2.5286399195301517,8882190,0,1.2384333143064942e-6,1.2,6.026755292478934,1.2,Wealthy Enclaves,#CC79A7,-74.25881,40.74765
il-norridge,0.277876,3,72570,-2.7708730312301517,12671821,0,3.945762807097733e-7,2.3,61.95935406147638,1.2,White Suburbs,#243142,-87.8327323,41.9638835
vt-morristown,0.156218,2,96545,-7.162926068121491,623989,0,3.20518470678169e-6,1.1,2.9644268774703555,8.3,Small Town Democrats,#990000,-73.2067699,44.5414285
in-floyds knobs,0.052515,3,95000,3.117528629159912,6732219,9.121590805436468e-5,1.336854906235225e-6,2.3,0.01,1.2,White Republicans,#A36B00,-85.89095,38.345815
ca-san clemente,0.428039,4,110434,5.163649729509029,39512223,0,3.7962936178002436e-7,4.9,2.621652194874525,1.2,Mid-Sized City Republicans,#63B1D3,-117.61401,33.427078
vt-stowe,0.061952,2,43155,-7.162926068121491,623989,0,3.20518470678169e-6,1.1,2.9644268774703555,8.3,Small Town Democrats,#990000,-72.70225,44.475387
az-bullhead city,0.443982,3,41507,4.341762743143454,7278717,7.33783387144115e-5,8.243210994465096e-7,4.8,0.09544261512765449,3.2,Mid-Sized City Republicans,#63B1D3,-114.574004,35.109303
nh-sunapee,0.041398,2,73682,-6.266130232637994,1359711,0,2.206351202571723e-6,1.1,0.01,7.3,Small Town Democrats,#990000,-72.088709,43.444147
il-antioch,0.301614,3,96069,-5.230709491544124,12671821,0,3.945762807097733e-7,2.3,7.134377425688325,1.2,White Suburbs,#243142,-88.09995,42.46617
ne-sutherland,0.149074,1,72454,4.675095301027373,1934408,0,1.0339080483538115e-6,2.4,0.01,5.3,Small Town Democrats,#990000,-101.17899,41.194109
mn-burnsville,0.488079,4,73529,-2.6883387823481986,5639632,0,1.0638992047708078e-6,2.4,20.943860581115736,1.2,Diverse Small Cities,#006298,-93.28909,44.732569
oh-new albany,0.351286,3,203409,-3.77733322596775,11689100,0,6.843982855822946e-7,2.3,19.461192093413725,1.2,Wealthy Enclaves,#CC79A7,-82.82462,40.080252
fl-miami beach,0.547072,4,53971,-2.563949996096139,21477737,0,7.449574412797773e-7,3.5,38.546759990020206,1.1,Diverse Small Cities,#006298,-80.458168,25.558428
ma-watertown,0.38344,3,101103,-2.8416686637513124,6892503,0,8.705110465675532e-7,1.1,109.50855693330213,1.2,Suburban Jewish Centers,#E69F00,-71.459405,42.446396
in-indianapolis,0.602745,7,62843,-4.810255406289442,6732219,3.4231569722861213e-6,1.336854906235225e-6,2.3,12.33347648925807,1.1,Big Cities,#D55E00,-86.10839,39.775125
nj-teaneck,0.678595,3,111821,-2.6133630828835868,8882190,0,1.2384333143064942e-6,1.2,106.7586784129682,1.2,Diverse Suburban Jewish Centers,#004421,-74.083231,40.948054
az-glendale,0.625145,6,55020,2.127159830919461,7278717,0,8.243210994465096e-7,4.8,2.027965749710258,1.1,Big Cities,#D55E00,-112.18717,33.276539
ut-bluffdale,0.210923,3,116454,8.78896500122158,3205958,0,9.357577360651636e-7,4.8,3.747940584730786,1.2,White Republicans,#A36B00,-112.5063895,40.4606695
wa-seattle,0.547249,7,92263,-3.934579830066924,7614893,1.0614654857863137e-5,1.4445376973780195e-6,4.9,27.288648432738675,1.1,Big Cities,#D55E00,-121.803388,47.432251
tx-san antonio,0.519938,8,52455,-3.5854861364867148,28995881,2.5852268504245914e-6,3.10388913514992e-7,3.7,5.4127566842509935,1.2,Big Cities,#D55E00,-98.486871,29.55302
ca-yorba linda,0.586167,4,129995,5.163649729509029,39512223,0,3.7962936178002436e-7,4.9,2.621652194874525,1.2,Mid-Sized City Republicans,#63B1D3,-117.769442,33.640302
co-fort collins,0.34264,5,65866,-4.9840349785083955,5758736,0,8.68246087335832e-7,4.8,0.42793808021271373,2.2,Centers of Socioeconomic Inequality,#009E73,-105.569245,40.628112
nj-scotch plains,0.478184,3,131732,-2.7591773677754183,8882190,0,1.2384333143064942e-6,1.2,4.372234875023966,1.2,Wealthy Enclaves,#CC79A7,-74.37493,40.637152
ma-newburyport,0.157269,3,109839,-2.224935078050274,6892503,0,8.705110465675532e-7,1.1,25.93095702458015,1.2,White Suburbs,#243142,-70.86363,42.809891
ca-poway,0.530632,3,107902,-4.26092801528769,39512223,2.0274516959633436e-5,3.7962936178002436e-7,4.9,2.401772585934406,1.2,Diverse Small Cities,#006298,-116.846046,33.016928
fl-aventura,0.534613,3,63892,-2.563949996096139,21477737,0,7.449574412797773e-7,3.5,38.546759990020206,1.2,Diverse Small Cities,#006298,-80.1544396,25.9531213
nj-haddonfield,0.156617,3,150958,-3.265507354618482,8882190,0,1.2384333143064942e-6,1.2,68.23407838636265,1.2,Suburban Jewish Centers,#E69F00,-75.04019,39.895213
al-mountain brook,0.079845,3,152355,-3.2565270399091633,4903185,0,1.2236943945619022e-6,3.6,0.8342181101167905,1.2,Wealthy Enclaves,#CC79A7,-86.7748959,33.4816975
ma-andover,0.381371,3,95600,-2.224935078050274,6892503,0,8.705110465675532e-7,1.1,25.93095702458015,1.2,White Suburbs,#243142,-71.1513,42.646942
pa-levittown,0.239994,4,81107,-1.9143545838169551,12801989,0,9.373543439226514e-7,1.2,65.90310333574766,1.2,White Suburbs,#243142,-75.10278,40.328645
nj-westfield,0.343184,3,170798,-2.7591773677754183,8882190,0,1.2384333143064942e-6,1.2,4.372234875023966,1.2,Wealthy Enclaves,#CC79A7,-74.299692,40.665651
md-potomac,0.554264,3,195884,-3.817357106692913,6045680,0,8.270368262958013e-7,3.5,110.846815452128,1.2,Suburban Jewish Centers,#E69F00,-77.207617,39.143979
or-portland,0.480518,7,71005,-4.317794827251154,4217737,3.0546429809649924e-6,1.6596577738251579e-6,4.9,41.41006060008869,1.1,Big Cities,#D55E00,-122.259861,45.173284
mi-ypsilanti,0.541562,3,39332,-3.6259178760985717,9986857,0,6.007896177946675e-7,2.3,21.565493054563394,2.2,Centers of Socioeconomic Inequality,#009E73,-83.63316,42.223482
nj-stanhope,0.283852,2,95819,3.6732816868509435,8882190,0,1.2384333143064942e-6,1.2,3.338091889857172,1.2,White Republicans,#A36B00,-74.71053,40.917054
nj-north arlington,0.539583,3,84527,-2.6133630828835868,8882190,0,1.2384333143064942e-6,1.2,106.7586784129682,1.2,Diverse Suburban Jewish Centers,#004421,-74.13254,40.791895
nj-woodcliff lake,0.216398,2,171103,-2.6133630828835868,8882190,0,1.2384333143064942e-6,1.2,106.7586784129682,1.2,Suburban Jewish Centers,#E69F00,-74.059762,41.025101
co-cherry hills village,0.120837,2,250000,-4.073970280641472,5758736,0,8.68246087335832e-7,4.8,5.374569074729544,1.2,Wealthy Enclaves,#CC79A7,-104.963426,39.6386341
ct-trumbull,0.364983,3,122451,-4.133256866448427,3565287,0,1.4024116431580404e-6,1.1,5.472424384656869,2.2,Wealthy Enclaves,#CC79A7,-73.21227,41.256129
wa-snohomish,0.315373,3,71800,-2.8608967119444992,7614893,0,1.4445376973780195e-6,4.9,0.20861429793312317,1.2,White Suburbs,#243142,-122.03976,47.930902
ne-lincoln,0.349046,6,57746,4.215566499189762,1934408,3.458986793588422e-6,1.0339080483538115e-6,2.4,1.103154391184851,2.2,Mid-Sized City Republicans,#63B1D3,-96.823133,40.865142
il-oak park,0.549067,4,94646,-2.7708730312301517,12671821,0,3.945762807097733e-7,2.3,61.95935406147638,1.1,Diverse Small Cities,#006298,-87.68732,41.811929
ca-el cerrito,0.670245,3,108298,-3.6216505424670737,39512223,0,3.7962936178002436e-7,4.9,2.7907825928196033,1.2,Diverse Small Cities,#006298,-122.30426,37.917774
pa-allentown,0.595458,5,41167,-3.121537592842188,12801989,0,9.373543439226514e-7,1.2,19.016571583808748,2.1,Centers of Socioeconomic Inequality,#009E73,-75.471156,40.693376
la-new orleans,0.545761,6,41604,-1.5582477898002474,4648794,1.2815780839895013e-5,1.0755477657216044e-6,3.7,5.62651212513363,1.1,Big Cities,#D55E00,-90.0901,29.677893
ca-fairfield,0.754675,5,84557,-2.7247884263593543,39512223,0,3.7962936178002436e-7,4.9,1.1195450169051298,2.2,Centers of Socioeconomic Inequality,#009E73,-122.03701,38.269582
ut-millcreek,0.323948,4,72134,8.78896500122158,3205958,0,9.357577360651636e-7,4.8,3.747940584730786,1.2,Mid-Sized City Republicans,#63B1D3,-111.8974276,40.6885481
ny-apalachin,0.045146,1,60369,3.3302092349317993,19453561,0,5.140447036920387e-7,1.2,1.441515650741351,2.2,White Republicans,#A36B00,-76.14733,42.059433
ma-malden,0.685506,4,65975,-2.8416686637513124,6892503,0,8.705110465675532e-7,1.1,109.50855693330213,1.1,Diverse Small Cities,#006298,-71.06059,42.428549
ma-melrose,0.256193,3,106955,-2.8416686637513124,6892503,0,8.705110465675532e-7,1.1,109.50855693330213,1.2,Suburban Jewish Centers,#E69F00,-71.459405,42.446396
ct-darien,0.205372,3,232523,-4.133256866448427,3565287,0,1.4024116431580404e-6,1.1,5.472424384656869,2.2,Wealthy Enclaves,#CC79A7,-73.48294,41.075663
ny-rye,0.318365,3,192688,-2.7959028813827795,19453561,0,5.140447036920387e-7,1.2,126.58999681690594,1.2,Suburban Jewish Centers,#E69F00,-73.732996,41.119008
ny-binghamton,0.465389,3,34487,-3.4115648713175712,19453561,0,5.140447036920387e-7,1.2,12.522240020035584,2.2,Centers of Socioeconomic Inequality,#009E73,-75.88783,42.142575
nj-summit,0.465411,3,157835,-2.7591773677754183,8882190,0,1.2384333143064942e-6,1.2,4.372234875023966,1.2,Wealthy Enclaves,#CC79A7,-74.299692,40.665651
co-aurora,0.684269,6,65100,-3.706409429723778,5758736,0,8.68246087335832e-7,4.8,2.461572124063235,1.2,Big Cities,#D55E00,-104.773083,39.669637
fl-tampa,0.673253,6,53833,-2.670492346565494,21477737,1.5011258443832874e-5,7.449574412797773e-7,3.5,16.006814727383066,1.1,Big Cities,#D55E00,-82.438841,27.871964
me-cumberland,0.12915,2,111890,-3.7085419473469567,1344212,0,7.439302729033813e-7,1.1,23.078993176793606,2.3,White Suburbs,#243142,-70.2649591,43.7587586
ma-boxford,0.13675,2,192417,-2.224935078050274,6892503,0,8.705110465675532e-7,1.1,25.93095702458015,1.2,Wealthy Enclaves,#CC79A7,-71.00844,42.677869
il-river forest,0.318924,3,129928,-2.7708730312301517,12671821,0,3.945762807097733e-7,2.3,61.95935406147638,1.2,Suburban Jewish Centers,#E69F00,-87.81718,41.893031
ca-kentfield,0.216502,2,214081,-5.598385531430342,39512223,0,3.7962936178002436e-7,4.9,10.051373687737323,1.2,Wealthy Enclaves,#CC79A7,-122.740988,38.068036
nj-montclair,0.575655,3,126844,-2.5286399195301517,8882190,0,1.2384333143064942e-6,1.2,6.026755292478934,1.2,Wealthy Enclaves,#CC79A7,-74.21576,40.81315
nj-north bergen,0.457205,4,63908,-4.11130882182398,8882190,0,1.2384333143064942e-6,1.2,15.176145347831039,1.1,Diverse Small Cities,#006298,-74.01963,40.7946
fl-stuart,0.493778,3,47921,1.9010850597931288,21477737,0,7.449574412797773e-7,3.5,1.802227304365119,2.2,Mid-Sized City Republicans,#63B1D3,-80.25225,27.195291
la-westwego,0.568976,2,30126,2.097259761661336,4648794,0,1.0755477657216044e-6,3.7,25.342644067171832,1.2,Mid-Sized City Republicans,#63B1D3,-90.0901,29.677893
ny-accord,0.40017,1,97800,-4.822719682839878,19453561,0,5.140447036920387e-7,1.2,25.19610972065913,3.3,White Suburbs,#243142,-74.23471,41.811322
wi-middleton,0.321724,3,76011,-3.8856079414506945,5822434,0,1.202246345772232e-6,2.3,9.21890095950321,2.2,White Suburbs,#243142,-89.51106,43.103711
oh-lakewood,0.295734,3,53290,-2.302994551194589,11689100,0,6.843982855822946e-7,2.3,55.75399744504392,1.1,White Suburbs,#243142,-81.80036,41.480881
ma-east longmeadow,0.259777,3,87748,-2.529828779176814,6892503,0,8.705110465675532e-7,1.1,7.015216642644864,2.2,White Suburbs,#243142,-72.5102,42.066795
ma-agawam,0.198386,3,68944,-2.529828779176814,6892503,0,8.705110465675532e-7,1.1,7.015216642644864,2.2,White Suburbs,#243142,-72.62029,42.07061
pa-kingston,0.264624,3,51554,-4.578243490491451,12801989,0,9.373543439226514e-7,1.2,6.611133148221605,2.2,White Suburbs,#243142,-75.89076,41.274748
nj-millburn,0.49677,3,225227,-2.5286399195301517,8882190,0,1.2384333143064942e-6,1.2,6.026755292478934,1.2,Wealthy Enclaves,#CC79A7,-74.29913,40.724168
nj-ridgewood,0.437953,3,184355,-2.6133630828835868,8882190,0,1.2384333143064942e-6,1.2,106.7586784129682,1.2,Suburban Jewish Centers,#E69F00,-74.11438,40.983997
ca-redlands,0.632047,4,74839,-4.5720532050628115,39512223,0,3.7962936178002436e-7,4.9,1.4781707337851346,1.2,Diverse Small Cities,#006298,-115.967051,34.839964
tx-dallas,0.681172,8,52580,-4.7483962280593355,28995881,6.698556758732127e-6,3.10388913514992e-7,3.7,20.079445835348924,1.1,Big Cities,#D55E00,-96.777626,32.767268
wi-prairie du chien,0.160016,2,47863,-6.126998401670534,5822434,0,1.202246345772232e-6,2.3,0.01,7.2,Small Town Democrats,#990000,-91.11838,43.036566
md-marriottsville,0.5712,2,133527,2.999171815939717,6045680,0,8.270368262958013e-7,3.5,1.6624215544828977,1.2,White Republicans,#A36B00,-76.91103,39.359754
va-manassas,0.671787,3,81493,-4.255448724065794,8535519,0,1.0544174290983361e-6,3.5,0.01,1.2,Diverse Small Cities,#006298,-77.487162,38.744685
al-tuscumbia,0.499158,2,44088,5.350713883460669,4903185,0,1.2236943945619022e-6,3.6,0.01,3.2,Mid-Sized City Republicans,#63B1D3,-87.7142,34.70017
in-zionsville,0.2092,3,137377,5.419644611494892,6732219,0,1.336854906235225e-6,2.3,1.8179375811579277,1.2,White Republicans,#A36B00,-86.28252,39.960858
ia-bettendorf,0.291012,3,82153,-3.310269543103505,3155070,0,NA,2.4,0.2596907948269594,2.2,White Suburbs,#243142,-90.48975,41.551883
md-ellicott city,0.596281,4,131534,-3.6917263674951135,6045680,0,8.270368262958013e-7,3.5,47.896632384064155,1.2,Diverse Small Cities,#006298,-76.941902,39.236405
ma-waltham,0.535343,4,95964,-2.8416686637513124,6892503,1.600128010240819e-5,8.705110465675532e-7,1.1,109.50855693330213,1.1,Diverse Suburban Jewish Centers,#004421,-71.459405,42.446396
mn-eagan,0.414658,4,90515,-2.6883387823481986,5639632,0,1.0638992047708078e-6,2.4,20.943860581115736,1.2,Diverse Small Cities,#006298,-93.2014829,44.8186385
in-bloomington,0.373904,4,37077,-7.013370123680463,6732219,0,1.336854906235225e-6,2.3,3.4032821252816214,3.2,Centers of Socioeconomic Inequality,#009E73,-86.516419,39.155801
md-arnold,0.239007,3,126310,2.900390703088185,6045680,0,8.270368262958013e-7,3.5,6.249663646574577,1.2,White Republicans,#A36B00,-76.49892,39.049377
ma-brockton,0.689466,4,58469,-1.9330254493880128,6892503,1.0448447360722196e-5,8.705110465675532e-7,1.1,1.158006067951796,1.1,Diverse Small Cities,#006298,-70.701357,41.970474
ma-beverly,0.185088,3,80586,-2.224935078050274,6892503,0,8.705110465675532e-7,1.1,25.93095702458015,1.2,White Suburbs,#243142,-70.8757,42.560995
vt-hinesburg,0.05691,1,54609,-5.840440182948528,623989,0,3.20518470678169e-6,1.1,9.722188464623386,3.3,Small Town Democrats,#990000,-73.09254,44.332217
wa-fall city,0.150896,2,105160,-3.934579830066924,7614893,0,1.4445376973780195e-6,4.9,24.807862211580613,1.2,White Suburbs,#243142,-121.88638,47.565642
nj-hamilton (mercer county),0.541579,4,78177,-2.4977239547882797,8882190,0,1.2384333143064942e-6,1.2,2.4336755802288197,2.0,NA,NA,NA,NA
nj-old bridge,0.533356,4,105562,-3.9434744009864566,8882190,0,1.2384333143064942e-6,1.2,62.674388472733625,1.2,Diverse Small Cities,#006298,-74.3298,40.397507
nj-verona,0.28434,3,128060,-2.5286399195301517,8882190,0,1.2384333143064942e-6,1.2,6.026755292478934,1.2,White Suburbs,#243142,-74.24227,40.832449
az-mesa,0.534085,7,58181,2.127159830919461,7278717,0,8.243210994465096e-7,4.8,2.027965749710258,1.2,Big Cities,#D55E00,-112.18717,33.276539
mn-plymouth,0.381593,4,105958,-3.582096670773095,5639632,0,1.0638992047708078e-6,2.4,25.590982573041096,1.2,White Suburbs,#243142,-93.4965303,45.0222561
nj-cranford,0.333348,3,129781,-2.7591773677754183,8882190,0,1.2384333143064942e-6,1.2,4.372234875023966,1.2,White Suburbs,#243142,-74.30371,40.656302
oh-cincinnati,0.58228,6,40640,-3.330763322563727,11689100,6.580246101204185e-6,6.843982855822946e-7,2.3,32.69318365487753,1.2,Big Cities,#D55E00,-84.53822,39.166759
or-lake oswego,0.305126,3,108927,-3.602226734270685,4217737,0,1.6596577738251579e-6,4.9,17.347833924172324,1.2,White Suburbs,#243142,-122.6811,45.40765
pa-glen mills,0.362453,3,101188,-1.8238829911480492,12801989,0,9.373543439226514e-7,1.2,37.18452911105957,1.2,White Suburbs,#243142,-75.50109,39.897677
tn-ooltewah,0.3019,1,24809,1.667955934146816,6829174,0,1.4643059321669062e-6,3.6,3.843134240679027,2.2,White Republicans,#A36B00,-85.06005,35.087881
ct-salisbury,0.141999,2,72658,4.4236962921060154,3565287,0,1.4024116431580404e-6,1.1,13.803689450116227,4.3,Small Town Democrats,#990000,-73.42408,42.014673
ga-roswell,0.550442,4,99726,-4.141652520587648,10617423,0,5.651088781147741e-7,3.5,76.3631377164765,1.2,Diverse Small Cities,#006298,-84.47405,33.844371
ga-milton,0.489754,3,128559,-4.141652520587648,10617423,0,5.651088781147741e-7,3.5,76.3631377164765,1.2,Suburban Jewish Centers,#E69F00,-84.3515239,34.1346764
nj-wanaque,0.391716,3,95023,-3.6236435199032133,8882190,0,1.2384333143064942e-6,1.2,19.868470723808386,1.2,White Suburbs,#243142,-74.28236,41.052958
ny-rego park,0.657899,3,90680,-4.128303951557095,19453561,0,5.140447036920387e-7,1.2,78.15592218371447,1.1,Diverse Small Cities,#006298,-73.8609,40.724945
va-falls church,0.460929,3,127610,-6.353376636376091,8535519,0,1.0544174290983361e-6,3.5,3.9940427836447334,1.2,Wealthy Enclaves,#CC79A7,-77.288755,38.831813
sc-charleston,0.441393,5,68438,2.8412496217808343,5148714,1.4538476076937616e-5,9.711162826290216e-7,3.5,0.1,2.1,Mid-Sized City Republicans,#63B1D3,-79.9355,32.779126
nj-pequannock,0.216449,3,105316,2.5960011149707425,8882190,0,1.2384333143064942e-6,1.2,61.30773651027461,1.2,White Republicans,#A36B00,-74.29575,40.946748
ca-la quinta,0.544424,3,77839,-4.644308382265087,39512223,0,3.7962936178002436e-7,4.9,1.196568571845935,1.2,Diverse Small Cities,#006298,-116.31,33.66
ca-woodland hills,0.538024,4,101155,-3.1561999868593285,39512223,0,3.7962936178002436e-7,4.9,5.300322061669674,1.2,Diverse Small Cities,#006298,-118.298662,33.786594
ca-tarzana,0.538053,3,70338,-3.1561999868593285,39512223,0,3.7962936178002436e-7,4.9,5.300322061669674,1.1,Diverse Small Cities,#006298,-118.298662,33.786594
co-centennial,0.347355,5,109324,-4.073970280641472,5758736,0,8.68246087335832e-7,4.8,5.374569074729544,1.2,White Suburbs,#243142,-104.9275612,39.6022185
il-orland park,0.314434,4,90345,-2.7708730312301517,12671821,0,3.945762807097733e-7,2.3,61.95935406147638,1.2,White Suburbs,#243142,-87.83542,41.623532
la-lafayette,0.528183,5,51264,0.9521225986389092,4648794,7.924872211435591e-6,1.0755477657216044e-6,3.7,0.08237843003188045,2.2,Centers of Socioeconomic Inequality,#009E73,-92.01,30.22
md-silver spring,0.718838,4,83782,-3.817357106692913,6045680,0,8.270368262958013e-7,3.5,110.846815452128,1.2,Diverse Small Cities,#006298,-77.207617,39.143979
ma-swampscott,0.146068,3,113407,-2.224935078050274,6892503,0,8.705110465675532e-7,1.1,25.93095702458015,1.2,White Suburbs,#243142,-70.90588,42.474409
ny-levittown,0.426557,4,124995,-3.79485100614772,19453561,0,5.140447036920387e-7,1.2,152.35842493390842,1.2,Suburban Jewish Centers,#E69F00,-73.51739,40.724883
pa-bryn mawr,0.548376,2,72500,-1.8238829911480492,12801989,0,9.373543439226514e-7,1.2,37.18452911105957,1.2,Diverse Small Cities,#006298,-75.32764,40.02371
tn-germantown,0.225757,3,118163,-2.1532138165486456,6829174,0,1.4643059321669062e-6,3.6,8.549164105479587,1.2,White Suburbs,#243142,-89.971538,35.201738
wi-waukesha,0.364234,4,65260,3.0889956174458995,5822434,0,1.202246345772232e-6,2.3,0.7939028262940616,1.2,Mid-Sized City Republicans,#63B1D3,-88.302997,43.018696
ca-sherman oaks,0.507004,4,74768,-3.1561999868593285,39512223,2.798925212718316e-5,3.7962936178002436e-7,4.9,5.300322061669674,1.1,Diverse Small Cities,#006298,-118.298662,33.786594
il-normal,0.383114,4,58111,4.505429401768143,12671821,0,3.945762807097733e-7,2.3,1.4465248686555419,3.2,Mid-Sized City Republicans,#63B1D3,-88.98629,40.515485
md-bethesda,0.419381,4,164142,-3.817357106692913,6045680,0,8.270368262958013e-7,3.5,110.846815452128,1.2,Suburban Jewish Centers,#E69F00,-77.1,38.97
nj-montvale,0.471371,2,146708,-2.6133630828835868,8882190,0,1.2384333143064942e-6,1.2,106.7586784129682,1.2,Suburban Jewish Centers,#E69F00,-74.04052,41.048997
nj-sussex,0.265908,5,54196,3.6732816868509435,8882190,0,1.2384333143064942e-6,1.2,3.338091889857172,1.3,Mid-Sized City Republicans,#63B1D3,-74.60203,41.229754
nj-englewood,0.717076,3,85899,-2.6133630828835868,8882190,0,1.2384333143064942e-6,1.2,106.7586784129682,1.2,Diverse Suburban Jewish Centers,#004421,-73.9758,40.893343
ny-great neck,0.375717,3,100766,-3.79485100614772,19453561,0,5.140447036920387e-7,1.2,152.35842493390842,1.2,Suburban Jewish Centers,#E69F00,-73.601772,40.754757
nj-medford,0.174905,3,124471,-3.2997121531943385,8882190,0,1.2384333143064942e-6,1.2,3.5699531191062097,1.2,White Suburbs,#243142,-74.8185,39.865272
ca-van nuys,0.517451,5,56244,-3.1561999868593285,39512223,0,3.7962936178002436e-7,4.9,5.300322061669674,1.1,Centers of Socioeconomic Inequality,#009E73,-118.298662,33.786594
ca-newport beach,0.351948,4,127223,5.163649729509029,39512223,1.1829559703787825e-5,3.7962936178002436e-7,4.9,2.621652194874525,1.2,White Republicans,#A36B00,-117.769442,33.640302
az-gilbert,0.479237,6,96857,2.127159830919461,7278717,7.870483326381073e-6,8.243210994465096e-7,4.8,2.027965749710258,1.2,Mid-Sized City Republicans,#63B1D3,-112.18717,33.276539
ca-garden grove,0.659301,5,69278,5.163649729509029,39512223,0,3.7962936178002436e-7,4.9,2.621652194874525,1.1,Mid-Sized City Republicans,#63B1D3,-117.769442,33.640302
fl-winter park,0.405312,3,77899,-3.3675933053757374,21477737,0,7.449574412797773e-7,3.5,13.689253935660506,1.2,White Suburbs,#243142,-81.260818,28.566338
ga-lawrenceville,0.72226,3,71026,5.337903731070721,10617423,0,5.651088781147741e-7,3.5,4.559265602550601,1.2,NA,NA,NA,NA
il-hawthorn woods,0.263747,2,175795,-5.230709491544124,12671821,0,3.945762807097733e-7,2.3,7.134377425688325,1.2,Wealthy Enclaves,#CC79A7,-88.1025988,42.2410217
nj-highland park,0.610885,3,81402,-3.9434744009864566,8882190,0,1.2384333143064942e-6,1.2,62.674388472733625,1.2,Diverse Small Cities,#006298,-74.4257,40.500254
pa-erdenheim,0.366875,3,97415,-2.963978874807374,12801989,0,9.373543439226514e-7,1.2,78.62621952102572,1.2,Suburban Jewish Centers,#E69F00,-75.3557602,40.0909243
sc-greenville,0.501232,4,56609,2.3387269720878683,5148714,2.8314574927443903e-5,9.711162826290216e-7,3.5,1.9447194061604822,2.2,Mid-Sized City Republicans,#63B1D3,-81.96902,34.888237
ma-westwood,0.252492,3,128813,-3.0638250286065354,6892503,0,8.705110465675532e-7,1.1,154.38311964479124,1.2,Suburban Jewish Centers,#E69F00,-71.20735,42.212949
mt-missoula,0.211526,4,47426,-7.609464859915511,1068778,0,1.8712960034731255e-6,4.8,0.16836292311707116,3.2,Small Town Democrats,#990000,-114.01229,46.855423
ny-new paltz,0.341937,3,46475,-4.822719682839878,19453561,0,5.140447036920387e-7,1.2,25.19610972065913,3.2,White Suburbs,#243142,-74.09475,41.751566
ok-norman,0.467508,5,58119,3.074529574185112,3956971,0,1.010874226775986e-6,3.7,8.875666118742211,1.2,Mid-Sized City Republicans,#63B1D3,-97.44451,35.208566
va-annandale,0.724258,3,96533,-5.470787819879497,8535519,0,1.0544174290983361e-6,3.5,37.756507457887814,1.2,Diverse Small Cities,#006298,-77.21387,38.830345
nj-ridgefield park,0.639471,3,86923,-2.6133630828835868,8882190,0,1.2384333143064942e-6,1.2,106.7586784129682,1.2,Diverse Suburban Jewish Centers,#004421,-74.02278,40.856749
nj-jefferson,0.273801,3,106892,2.5960011149707425,8882190,0,1.2384333143064942e-6,1.2,61.30773651027461,1.2,White Republicans,#A36B00,-74.6114847,40.9942788
nj-westampton,0.626691,2,109527,-3.2997121531943385,8882190,0,1.2384333143064942e-6,1.2,3.5699531191062097,1.2,Diverse Small Cities,#006298,-74.8393545,40.0192536
ct-southington,0.176098,3,94463,-3.29940602691983,3565287,0,1.4024116431580404e-6,1.1,3.674259015096948,1.2,White Suburbs,#243142,-72.87103,41.612298
ca-marina del ray,0.499581,2,118162,-3.1561999868593285,39512223,0,3.7962936178002436e-7,4.9,5.300322061669674,1.2,NA,NA,NA,NA
ca-north hollywood,0.608327,4,52267,-3.1561999868593285,39512223,0,3.7962936178002436e-7,4.9,5.300322061669674,1.1,Diverse Small Cities,#006298,-118.298662,33.786594
ca-sacramento,0.753076,7,62335,-3.6502581463167925,39512223,1.1681697116957151e-5,3.7962936178002436e-7,4.9,1.3952205584126933,1.2,Big Cities,#D55E00,-121.555406,38.380456
fl-brooksville,0.338523,2,32203,4.984862937833831,21477737,0,7.449574412797773e-7,3.5,0.18337568438425064,1.3,Mid-Sized City Republicans,#63B1D3,-82.38002,28.566183
ma-easton,0.214934,3,112268,-3.1116483269872566,6892503,0,8.705110465675532e-7,1.1,4.698398289428427,1.2,White Suburbs,#243142,-71.132397,42.023528
mn-wayzata,0.13989,2,86852,-3.582096670773095,5639632,0,1.0638992047708078e-6,2.4,25.590982573041096,1.2,White Suburbs,#243142,-93.52912,44.963063
ny-peru,0.089361,2,76723,-5.855422758723957,19453561,0,5.140447036920387e-7,1.2,1.549042691616581,5.3,Small Town Democrats,#990000,-73.52307,44.563323
pa-newtown,0.257337,3,123958,-1.9143545838169551,12801989,5.1062091503267975e-5,9.373543439226514e-7,1.2,65.90310333574766,1.2,Suburban Jewish Centers,#E69F00,-74.93912,40.246802
wa-redmond,0.605646,4,132188,-3.934579830066924,7614893,0,1.4445376973780195e-6,4.9,24.807862211580613,1.2,Diverse Small Cities,#006298,-121.803388,47.432251
ca-los osos,0.372036,3,77807,-3.939457090116173,39512223,0,3.7962936178002436e-7,4.9,0.35210027815921974,2.2,White Suburbs,#243142,-120.83468,35.313222
ma-weston,0.380317,3,207702,-2.8416686637513124,6892503,0,8.705110465675532e-7,1.1,109.50855693330213,1.2,Suburban Jewish Centers,#E69F00,-71.459405,42.446396
ma-foxborough,0.237927,3,70530,-3.0638250286065354,6892503,0,8.705110465675532e-7,1.1,154.38311964479124,1.2,Suburban Jewish Centers,#E69F00,-71.286055,42.075995
nj-aberdeen,0.466249,3,101363,3.858361379039674,8882190,0,1.2384333143064942e-6,1.2,11.265719702456249,1.2,White Republicans,#A36B00,-74.2685699,40.4317917
nj-emerson,0.470853,2,128093,-2.6133630828835868,8882190,0,1.2384333143064942e-6,1.2,106.7586784129682,1.2,Suburban Jewish Centers,#E69F00,-74.02725,40.97514
nj-glen rock,0.377054,3,187000,-2.6133630828835868,8882190,0,1.2384333143064942e-6,1.2,106.7586784129682,1.2,Suburban Jewish Centers,#E69F00,-74.12576,40.961109
ny-chappaqua,0.305825,1,250001,-2.7959028813827795,19453561,0,5.140447036920387e-7,1.2,126.58999681690594,1.2,Suburban Jewish Centers,#E69F00,-73.77597,41.167455
ny-seaford,0.151608,3,133278,-3.79485100614772,19453561,0,5.140447036920387e-7,1.2,152.35842493390842,1.2,Suburban Jewish Centers,#E69F00,-73.48959,40.679752
ny-pittsford,0.251994,3,105096,-3.7736917795238796,19453561,0,5.140447036920387e-7,1.2,26.802285332550365,1.2,White Suburbs,#243142,-77.51181,43.071131
va-richmond,0.602265,5,47250,3.550880765008584,8535519,2.1697998576611295e-5,1.0544174290983361e-6,3.5,28.689794466312442,1.1,Mid-Sized City Republicans,#63B1D3,-77.888082,37.733844
ky-mount washington,0.094834,3,69214,4.340081554150018,4467673,0,1.566811178884399e-6,3.6,0.01,1.2,White Republicans,#A36B00,-85.55467,38.045982
nj-tinton falls,0.424723,3,87157,3.858361379039674,8882190,0,1.2384333143064942e-6,1.2,11.265719702456249,1.2,White Republicans,#A36B00,-74.1668461,40.2717439
fl-holiday,0.36313,3,36032,4.641400058676481,21477737,0,7.449574412797773e-7,3.5,1.556622129977948,1.2,Mid-Sized City Republicans,#63B1D3,-82.72696,28.190181
nj-hazlet,0.293798,3,100247,3.858361379039674,8882190,0,1.2384333143064942e-6,1.2,11.265719702456249,1.2,White Republicans,#A36B00,-74.179,40.423298
ct-wallingford,0.26112,3,80793,-4.780969760012141,3565287,0,1.4024116431580404e-6,1.1,3.7895571465217692,2.2,White Suburbs,#243142,-72.927507,41.365709
mi-warren,0.491159,5,49619,-4.1841038217603215,9986857,0,6.007896177946675e-7,2.3,0.2857930012723504,1.2,Centers of Socioeconomic Inequality,#009E73,-82.903065,42.672322
ny-forest hills,0.62308,4,84713,-4.128303951557095,19453561,0,5.140447036920387e-7,1.2,78.15592218371447,1.1,Diverse Small Cities,#006298,-73.84582,40.720535
ca-lake forest,0.6246,4,109492,5.163649729509029,39512223,0,3.7962936178002436e-7,4.9,2.621652194874525,1.2,Mid-Sized City Republicans,#63B1D3,-117.69108,33.640223
ny-margaretville,0.050986,1,49773,4.746489619975729,19453561,0,5.140447036920387e-7,1.2,0.8983313495182699,6.3,Small Town Democrats,#990000,-74.64261,42.151449
nj-randolph,0.453511,3,142459,2.5960011149707425,8882190,0,1.2384333143064942e-6,1.2,61.30773651027461,1.2,White Republicans,#A36B00,-74.5748,40.847649
co-colorado springs,0.4883,6,64712,3.614638258127135,5758736,6.2732502336785716e-6,8.68246087335832e-7,4.8,0.3502106867491483,2.2,Mid-Sized City Republicans,#63B1D3,-104.84063,38.828692
il-wilmette,0.335347,3,164681,-2.7708730312301517,12671821,0,3.945762807097733e-7,2.3,61.95935406147638,1.2,Wealthy Enclaves,#CC79A7,-87.72373,42.077178
nh-claremont,0.107702,3,47649,-6.266130232637994,1359711,0,2.206351202571723e-6,1.1,0.01,7.2,Small Town Democrats,#990000,-72.34152,43.374562
ca-novato,0.531302,4,101342,-5.598385531430342,39512223,0,3.7962936178002436e-7,4.9,10.051373687737323,1.2,Diverse Small Cities,#006298,-122.56316,38.117065
il-grayslake,0.437233,3,97265,-5.230709491544124,12671821,0,3.945762807097733e-7,2.3,7.134377425688325,1.2,White Suburbs,#243142,-88.03433,42.338955
ma-eastham,0.113796,2,78094,-2.7977267118949634,6892503,0,8.705110465675532e-7,1.1,7.614344018405626,3.2,Small Town Democrats,#990000,-69.98921,41.844087
ca-agoura hills,0.415601,3,122998,-3.1561999868593285,39512223,0,3.7962936178002436e-7,4.9,5.300322061669674,1.2,Wealthy Enclaves,#CC79A7,-118.298662,33.786594
nj-tewksbury,0.128834,2,148867,2.239947265731505,8882190,0,1.2384333143064942e-6,1.2,4.811007585355293,1.3,White Republicans,#A36B00,-74.8509896,40.6844658
ma-medfield,0.163524,3,127048,-3.0638250286065354,6892503,0,8.705110465675532e-7,1.1,154.38311964479124,1.2,Suburban Jewish Centers,#E69F00,-71.30476,42.185571
ca-oak park,0.510285,3,132578,-4.103693261231024,39512223,0,3.7962936178002436e-7,4.9,4.70053480334725,2.2,Wealthy Enclaves,#CC79A7,-118.76893,34.182875
nj-fair lawn,0.453455,3,123159,-2.6133630828835868,8882190,0,1.2384333143064942e-6,1.2,106.7586784129682,1.2,Suburban Jewish Centers,#E69F00,-74.11671,40.933943
ny-scarsdale,0.400085,3,250001,-2.7959028813827795,19453561,0,5.140447036920387e-7,1.2,126.58999681690594,1.2,Suburban Jewish Centers,#E69F00,-73.79716,40.98845
wi-milton,0.087247,2,67523,-3.9585511627452554,5822434,0,1.202246345772232e-6,2.3,0.36780707293001247,3.2,Small Town Democrats,#990000,-88.95595,42.778497
nj-chatham,0.340667,2,192321,2.5960011149707425,8882190,0,1.2384333143064942e-6,1.2,61.30773651027461,1.2,White Republicans,#A36B00,-74.39736,40.7332
nj-voorhees,0.540494,3,41591,-3.265507354618482,8882190,0,1.2384333143064942e-6,1.2,68.23407838636265,1.2,Diverse Small Cities,#006298,-74.96128,39.851969
ny-woodmere,0.272767,3,142904,-3.79485100614772,19453561,0,5.140447036920387e-7,1.2,152.35842493390842,1.2,Suburban Jewish Centers,#E69F00,-73.71404,40.633103
ct-new canaan,0.237806,3,190227,-4.133256866448427,3565287,0,1.4024116431580404e-6,1.1,5.472424384656869,2.2,Wealthy Enclaves,#CC79A7,-73.49178,41.150146
mn-maplewood,0.555491,3,70484,-3.3536044617953022,5639632,0,1.0638992047708078e-6,2.4,16.19381690627215,1.2,Diverse Small Cities,#006298,-93.114674,44.9638002
ny-spring valley,0.683242,3,45428,-4.906339896489683,19453561,0,5.140447036920387e-7,1.2,251.73858978492146,1.2,Diverse Suburban Jewish Centers,#004421,-74.04504,41.116795
nj-glen ridge,0.437435,2,202222,-2.5286399195301517,8882190,0,1.2384333143064942e-6,1.2,6.026755292478934,1.2,Wealthy Enclaves,#CC79A7,-74.2047,40.80495
ca-santa ana,0.386894,6,66145,5.163649729509029,39512223,3.009165919390463e-6,3.7962936178002436e-7,4.9,2.621652194874525,1.1,Mid-Sized City Republicans,#63B1D3,-117.769442,33.640302
ct-guilford,0.215812,3,111870,-4.780969760012141,3565287,0,1.4024116431580404e-6,1.1,3.7895571465217692,2.2,White Suburbs,#243142,-72.69791,41.31353
id-driggs,0.399762,2,61771,8.499113629447866,1787065,0,1.6787302084703131e-6,4.8,0.01,9.3,Small Town Democrats,#990000,-111.11484,43.726688
ut-kaysville,0.114593,3,99597,9.47366341356685,3205958,0,9.357577360651636e-7,4.8,0.01,2.2,White Republicans,#A36B00,-111.93004,41.032893
ca-woodland,0.601423,4,69612,-4.2649595510894995,39512223,0,3.7962936178002436e-7,4.9,9.527784835396174,1.2,Diverse Small Cities,#006298,-121.80944,38.697238
ny-pelham,0.518884,3,133464,-2.7959028813827795,19453561,0,5.140447036920387e-7,1.2,126.58999681690594,1.2,Suburban Jewish Centers,#E69F00,-73.80717,40.902221
ny-pleasantville,0.449288,2,128958,-2.7959028813827795,19453561,0,5.140447036920387e-7,1.2,126.58999681690594,1.2,Suburban Jewish Centers,#E69F00,-73.732996,41.119008
ny-ravena,0.252497,2,60036,-2.96978547812284,19453561,0,5.140447036920387e-7,1.2,39.073056848041624,2.2,White Suburbs,#243142,-73.82956,42.46915
pa-doylestown,0.166269,3,115237,-1.9143545838169551,12801989,0,9.373543439226514e-7,1.2,65.90310333574766,1.2,Suburban Jewish Centers,#E69F00,-75.12854,40.317473
ga-athens,0.605862,5,38311,-4.375868835793728,10617423,7.879413456462301e-6,5.651088781147741e-7,3.5,2.9451032749548416,3.2,Centers of Socioeconomic Inequality,#009E73,-83.36423,33.979016
ca-santa clarita,0.681096,5,99666,-3.1561999868593285,39512223,7.670770528899628e-6,3.7962936178002436e-7,4.9,5.300322061669674,1.2,Diverse Small Cities,#006298,-118.298662,33.786594
or-beaverton,0.548799,4,71806,-4.284887910656137,4217737,0,1.6596577738251579e-6,4.9,23.992169919440517,1.2,Diverse Small Cities,#006298,-122.80359,45.49106
va-alexandria,0.649062,5,100939,-4.845439570048741,8535519,2.508969566199162e-5,1.0544174290983361e-6,3.5,3.9930231109449945,1.2,Diverse Small Cities,#006298,-77.288755,38.831813
ct-norwalk,0.631239,4,85769,-4.133256866448427,3565287,0,1.4024116431580404e-6,1.1,5.472424384656869,2.2,Diverse Small Cities,#006298,-73.363661,41.308873
ma-great barrington,0.288875,2,49368,-4.629320563856298,6892503,0,8.705110465675532e-7,1.1,55.7982714407826,3.3,Small Town Democrats,#990000,-73.35249,42.189715
pa-emmaus,0.230996,3,59026,-3.121537592842188,12801989,0,9.373543439226514e-7,1.2,19.016571583808748,2.2,White Suburbs,#243142,-75.471156,40.693376
nj-mountainside,0.339857,2,119000,-2.7591773677754183,8882190,0,1.2384333143064942e-6,1.2,4.372234875023966,1.2,White Suburbs,#243142,-74.35601,40.680301
nj-blairstown,0.292408,2,105772,4.115663734254792,8882190,0,1.2384333143064942e-6,1.2,2.268881346959226,2.3,White Republicans,#A36B00,-74.96243,40.96035
nj-alexandria,0.069729,2,124931,2.239947265731505,8882190,0,1.2384333143064942e-6,1.2,4.811007585355293,1.2,White Republicans,#A36B00,-75.0642868,40.5917607
nj-rahway,0.69445,3,78946,-2.7591773677754183,8882190,0,1.2384333143064942e-6,1.2,4.372234875023966,1.2,Diverse Small Cities,#006298,-74.28099,40.607103
md-hyattsville,0.695446,3,81736,-2.911763783675177,6045680,0,8.270368262958013e-7,3.5,11.250313425154072,1.1,Diverse Small Cities,#006298,-76.9356,38.946746
nj-wyckoff,0.201577,3,153736,-2.6133630828835868,8882190,0,1.2384333143064942e-6,1.2,106.7586784129682,1.2,Suburban Jewish Centers,#E69F00,-74.1671,40.998582999999996
nj-mount olive,0.48043400000000003,3,88073,2.5960011149707425,8882190,0,1.2384333143064942e-6,1.2,61.30773651027461,1.2,White Republicans,#A36B00,-74.8217327,40.8631513
ny-ossining,0.648074,3,70177,-2.7959028813827795,19453561,0,5.140447036920387e-7,1.2,126.58999681690594,1.2,Diverse Suburban Jewish Centers,#004421,-73.84741,41.176837
co-englewood,0.379557,3,59774,-4.073970280641472,5758736,0,8.68246087335832e-7,4.8,5.374569074729544,1.2,White Suburbs,#243142,-104.408349,39.738752
ct-glastonbury,0.303848,3,120837,-3.29940602691983,3565287,0,1.4024116431580404e-6,1.1,3.674259015096948,1.2,White Suburbs,#243142,-72.57085,41.707932
ca-pine valley,0.215344,2,108721,-4.26092801528769,39512223,0,3.7962936178002436e-7,4.9,2.401772585934406,1.3,White Suburbs,#243142,-116.49139,32.773317
ma-quincy,0.556458,4,77562,-3.0638250286065354,6892503,0,8.705110465675532e-7,1.1,154.38311964479124,1.1,Diverse Small Cities,#006298,-71.08923,42.180048
nj-midland park,0.305013,2,121162,-2.6133630828835868,8882190,0,1.2384333143064942e-6,1.2,106.7586784129682,1.2,Suburban Jewish Centers,#E69F00,-74.14286,40.99312
nj-edison,0.649317,4,103076,-3.9434744009864566,8882190,0,1.2384333143064942e-6,1.2,62.674388472733625,1.2,Diverse Small Cities,#006298,-74.417344,40.430006
nj-plumsted,0.228697,2,94049,5.709856880826361,8882190,0,1.2384333143064942e-6,1.2,124.15835758604241,1.3,White Republicans,#A36B00,-74.5582817,40.0490869
mn-saint paul,0.664551,6,57876,-2.6883387823481986,5639632,0,1.0638992047708078e-6,2.4,20.943860581115736,1.2,Big Cities,#D55E00,-93.08397,44.964852
ca-west hollywood,0.407068,3,74044,-3.1561999868593285,39512223,0,3.7962936178002436e-7,4.9,5.300322061669674,1.1,White Suburbs,#243142,-118.3813,34.090975
wi-bayside,0.275892,2,101231,-2.9553854307845877,5822434,0,1.202246345772232e-6,2.3,23.83460890676133,1.2,White Suburbs,#243142,-87.9202956,43.1833571
nj-roxbury,0.349837,3,113957,2.5960011149707425,8882190,0,1.2384333143064942e-6,1.2,61.30773651027461,1.2,White Republicans,#A36B00,-74.7206112,40.8836782
il-plainfield,0.502039,3,130614,-3.7064807532285586,12671821,0,3.945762807097733e-7,2.3,3.6110990741141973,1.2,Wealthy Enclaves,#CC79A7,-88.19736,41.607624
oh-marysville,0.231846,3,75116,3.080325285920994,11689100,0,6.843982855822946e-7,2.3,0.01,1.3,White Republicans,#A36B00,-83.36391,40.255973
ca-santa ynez,0.520943,2,107588,-5.048236671229192,39512223,0,3.7962936178002436e-7,4.9,2.0155556102990415,2.3,Wealthy Enclaves,#CC79A7,-120.0661,34.626931
vt-manchester,0.122506,1,23295,-5.400366260795805,623989,0,3.20518470678169e-6,1.1,11.57699755830597,6.2,Small Town Democrats,#990000,-73.07155,43.162074
nj-upper saddle river,0.506737,2,158536,-2.6133630828835868,8882190,0,1.2384333143064942e-6,1.2,106.7586784129682,1.2,Suburban Jewish Centers,#E69F00,-74.115701,41.0653227
ma-wilbraham,0.194889,3,111100,-2.529828779176814,6892503,0,8.705110465675532e-7,1.1,7.015216642644864,2.2,White Suburbs,#243142,-72.44057,42.12531
ma-winchester,0.315052,3,169623,-2.8416686637513124,6892503,0,8.705110465675532e-7,1.1,109.50855693330213,1.2,Suburban Jewish Centers,#E69F00,-71.14276,42.451945
nj-oakland,0.260314,3,126319,-2.6133630828835868,8882190,0,1.2384333143064942e-6,1.2,106.7586784129682,1.2,Suburban Jewish Centers,#E69F00,-74.23727,41.028884
il-lake zurich,0.375044,3,119349,-5.230709491544124,12671821,0,3.945762807097733e-7,2.3,7.134377425688325,1.2,Wealthy Enclaves,#CC79A7,-88.05859,42.199957
ny-north merrick,0.345702,3,135469,-3.79485100614772,19453561,0,5.140447036920387e-7,1.2,152.35842493390842,1.2,Suburban Jewish Centers,#E69F00,-73.5691696,40.6866786
